network_id,network_type,network_scale,network_metal,source,target,source_to_target,target_to_source,NPDC
same_scale_STC,same_scale_cross_metal,STC,,gold_futures_STC,silver_futures_STC,8.142188574738574,2.4122973431687558,5.729891231569818
same_scale_STC,same_scale_cross_metal,STC,,gold_futures_STC,platinum_futures_STC,4.148038703348214,1.3398980033467747,2.8081407000014393
same_scale_STC,same_scale_cross_metal,STC,,gold_futures_STC,palladium_futures_STC,1.9450345154158812,0.6376807427047884,1.3073537727110929
same_scale_STC,same_scale_cross_metal,STC,,gold_futures_STC,gold_spot_STC,10.839979608447495,4.1566835672724025,6.683296041175092
same_scale_STC,same_scale_cross_metal,STC,,gold_futures_STC,silver_spot_STC,6.685493460816076,1.6098955570117064,5.07559790380437
same_scale_STC,same_scale_cross_metal,STC,,gold_futures_STC,platinum_spot_STC,4.012354238429618,1.3123662704020163,2.6999879680276013
same_scale_STC,same_scale_cross_metal,STC,,gold_futures_STC,palladium_spot_STC,1.6330654055656848,0.6614649037545591,0.9716005018111257
same_scale_STC,same_scale_cross_metal,STC,,silver_futures_STC,gold_futures_STC,2.4122973431687558,8.142188574738574,-5.729891231569818
same_scale_STC,same_scale_cross_metal,STC,,silver_futures_STC,platinum_futures_STC,1.1055010110333618,3.0307486958223415,-1.9252476847889797
same_scale_STC,same_scale_cross_metal,STC,,silver_futures_STC,palladium_futures_STC,0.6137260857472006,1.053416771490359,-0.4396906857431585
same_scale_STC,same_scale_cross_metal,STC,,silver_futures_STC,gold_spot_STC,2.1536960851725615,2.873933045786193,-0.7202369606136316
same_scale_STC,same_scale_cross_metal,STC,,silver_futures_STC,silver_spot_STC,2.5300356425598025,3.6205153654872264,-1.090479722927424
same_scale_STC,same_scale_cross_metal,STC,,silver_futures_STC,platinum_spot_STC,1.1339966948016964,2.799768820951736,-1.6657721261500398
same_scale_STC,same_scale_cross_metal,STC,,silver_futures_STC,palladium_spot_STC,0.5863177344215542,1.2157074749346126,-0.6293897405130584
same_scale_STC,same_scale_cross_metal,STC,,platinum_futures_STC,gold_futures_STC,1.3398980033467747,4.148038703348214,-2.8081407000014393
same_scale_STC,same_scale_cross_metal,STC,,platinum_futures_STC,silver_futures_STC,3.0307486958223415,1.1055010110333618,1.9252476847889797
same_scale_STC,same_scale_cross_metal,STC,,platinum_futures_STC,palladium_futures_STC,1.6099531184346414,1.430909534428211,0.1790435840064304
same_scale_STC,same_scale_cross_metal,STC,,platinum_futures_STC,gold_spot_STC,1.9553396187079803,1.3709602138885295,0.5843794048194508
same_scale_STC,same_scale_cross_metal,STC,,platinum_futures_STC,silver_spot_STC,2.086652348443976,0.9643213816008966,1.1223309668430792
same_scale_STC,same_scale_cross_metal,STC,,platinum_futures_STC,platinum_spot_STC,3.0274062740348286,2.986987855744445,0.040418418290383507
same_scale_STC,same_scale_cross_metal,STC,,platinum_futures_STC,palladium_spot_STC,1.1980676593868127,1.53029616106272,-0.33222850167590723
same_scale_STC,same_scale_cross_metal,STC,,palladium_futures_STC,gold_futures_STC,0.6376807427047884,1.9450345154158812,-1.3073537727110929
same_scale_STC,same_scale_cross_metal,STC,,palladium_futures_STC,silver_futures_STC,1.053416771490359,0.6137260857472006,0.4396906857431585
same_scale_STC,same_scale_cross_metal,STC,,palladium_futures_STC,platinum_futures_STC,1.430909534428211,1.6099531184346414,-0.1790435840064304
same_scale_STC,same_scale_cross_metal,STC,,palladium_futures_STC,gold_spot_STC,0.8134200805139287,0.855238256460425,-0.04181817594649628
same_scale_STC,same_scale_cross_metal,STC,,palladium_futures_STC,silver_spot_STC,0.8893571972257341,0.5653871389669886,0.3239700582587456
same_scale_STC,same_scale_cross_metal,STC,,palladium_futures_STC,platinum_spot_STC,1.1813645809839701,1.5825113360717062,-0.4011467550877361
same_scale_STC,same_scale_cross_metal,STC,,palladium_futures_STC,palladium_spot_STC,3.1972607214061997,3.6145402710988304,-0.4172795496926307
same_scale_STC,same_scale_cross_metal,STC,,gold_spot_STC,gold_futures_STC,4.1566835672724025,10.839979608447495,-6.683296041175092
same_scale_STC,same_scale_cross_metal,STC,,gold_spot_STC,silver_futures_STC,2.873933045786193,2.1536960851725615,0.7202369606136316
same_scale_STC,same_scale_cross_metal,STC,,gold_spot_STC,platinum_futures_STC,1.3709602138885295,1.9553396187079803,-0.5843794048194508
same_scale_STC,same_scale_cross_metal,STC,,gold_spot_STC,palladium_futures_STC,0.855238256460425,0.8134200805139287,0.04181817594649628
same_scale_STC,same_scale_cross_metal,STC,,gold_spot_STC,silver_spot_STC,2.7759649222547704,2.0928370514182015,0.6831278708365689
same_scale_STC,same_scale_cross_metal,STC,,gold_spot_STC,platinum_spot_STC,1.3723361264283152,1.941256051964713,-0.5689199255363979
same_scale_STC,same_scale_cross_metal,STC,,gold_spot_STC,palladium_spot_STC,0.7322523752468749,0.7488405140479134,-0.016588138801038488
same_scale_STC,same_scale_cross_metal,STC,,silver_spot_STC,gold_futures_STC,1.6098955570117064,6.685493460816076,-5.07559790380437
same_scale_STC,same_scale_cross_metal,STC,,silver_spot_STC,silver_futures_STC,3.6205153654872264,2.5300356425598025,1.090479722927424
same_scale_STC,same_scale_cross_metal,STC,,silver_spot_STC,platinum_futures_STC,0.9643213816008966,2.086652348443976,-1.1223309668430792
same_scale_STC,same_scale_cross_metal,STC,,silver_spot_STC,palladium_futures_STC,0.5653871389669886,0.8893571972257341,-0.3239700582587456
same_scale_STC,same_scale_cross_metal,STC,,silver_spot_STC,gold_spot_STC,2.0928370514182015,2.7759649222547704,-0.6831278708365689
same_scale_STC,same_scale_cross_metal,STC,,silver_spot_STC,platinum_spot_STC,0.9087705403992272,2.00596255235297,-1.0971920119537426
same_scale_STC,same_scale_cross_metal,STC,,silver_spot_STC,palladium_spot_STC,0.5487647992482708,1.0000841477817792,-0.4513193485335084
same_scale_STC,same_scale_cross_metal,STC,,platinum_spot_STC,gold_futures_STC,1.3123662704020163,4.012354238429618,-2.6999879680276013
same_scale_STC,same_scale_cross_metal,STC,,platinum_spot_STC,silver_futures_STC,2.799768820951736,1.1339966948016964,1.6657721261500398
same_scale_STC,same_scale_cross_metal,STC,,platinum_spot_STC,platinum_futures_STC,2.986987855744445,3.0274062740348286,-0.040418418290383507
same_scale_STC,same_scale_cross_metal,STC,,platinum_spot_STC,palladium_futures_STC,1.5825113360717062,1.1813645809839701,0.4011467550877361
same_scale_STC,same_scale_cross_metal,STC,,platinum_spot_STC,gold_spot_STC,1.941256051964713,1.3723361264283152,0.5689199255363979
same_scale_STC,same_scale_cross_metal,STC,,platinum_spot_STC,silver_spot_STC,2.00596255235297,0.9087705403992272,1.0971920119537426
same_scale_STC,same_scale_cross_metal,STC,,platinum_spot_STC,palladium_spot_STC,1.1828348050162165,1.2833009260789932,-0.10046612106277664
same_scale_STC,same_scale_cross_metal,STC,,palladium_spot_STC,gold_futures_STC,0.6614649037545591,1.6330654055656848,-0.9716005018111257
same_scale_STC,same_scale_cross_metal,STC,,palladium_spot_STC,silver_futures_STC,1.2157074749346126,0.5863177344215542,0.6293897405130584
same_scale_STC,same_scale_cross_metal,STC,,palladium_spot_STC,platinum_futures_STC,1.53029616106272,1.1980676593868127,0.33222850167590723
same_scale_STC,same_scale_cross_metal,STC,,palladium_spot_STC,palladium_futures_STC,3.6145402710988304,3.1972607214061997,0.4172795496926307
same_scale_STC,same_scale_cross_metal,STC,,palladium_spot_STC,gold_spot_STC,0.7488405140479134,0.7322523752468749,0.016588138801038488
same_scale_STC,same_scale_cross_metal,STC,,palladium_spot_STC,silver_spot_STC,1.0000841477817792,0.5487647992482708,0.4513193485335084
same_scale_STC,same_scale_cross_metal,STC,,palladium_spot_STC,platinum_spot_STC,1.2833009260789932,1.1828348050162165,0.10046612106277664
same_scale_MTC,same_scale_cross_metal,MTC,,gold_futures_MTC,silver_futures_MTC,1.602584726136949,0.7411566642517835,0.8614280618851655
same_scale_MTC,same_scale_cross_metal,MTC,,gold_futures_MTC,platinum_futures_MTC,3.2625059415145796,5.0323822884603,-1.7698763469457206
same_scale_MTC,same_scale_cross_metal,MTC,,gold_futures_MTC,palladium_futures_MTC,1.5703326002992581,1.8775761540232843,-0.3072435537240261
same_scale_MTC,same_scale_cross_metal,MTC,,gold_futures_MTC,gold_spot_MTC,32.587724473295665,28.525589295273722,4.0621351780219435
same_scale_MTC,same_scale_cross_metal,MTC,,gold_futures_MTC,silver_spot_MTC,6.459809858105217,8.451270266853017,-1.9914604087478
same_scale_MTC,same_scale_cross_metal,MTC,,gold_futures_MTC,platinum_spot_MTC,3.0685542193386475,4.743131765451959,-1.6745775461133112
same_scale_MTC,same_scale_cross_metal,MTC,,gold_futures_MTC,palladium_spot_MTC,2.373751770264559,3.214399273728435,-0.8406475034638756
same_scale_MTC,same_scale_cross_metal,MTC,,silver_futures_MTC,gold_futures_MTC,0.7411566642517835,1.602584726136949,-0.8614280618851655
same_scale_MTC,same_scale_cross_metal,MTC,,silver_futures_MTC,platinum_futures_MTC,1.3450943298485019,2.7020558852389365,-1.3569615553904346
same_scale_MTC,same_scale_cross_metal,MTC,,silver_futures_MTC,palladium_futures_MTC,1.581094322255623,2.4760766916430463,-0.8949823693874233
same_scale_MTC,same_scale_cross_metal,MTC,,silver_futures_MTC,gold_spot_MTC,3.646500711035594,7.808604351159845,-4.162103640124251
same_scale_MTC,same_scale_cross_metal,MTC,,silver_futures_MTC,silver_spot_MTC,3.5445113512683006,7.357834410839992,-3.813323059571691
same_scale_MTC,same_scale_cross_metal,MTC,,silver_futures_MTC,platinum_spot_MTC,1.8365008216718917,3.7894254282195243,-1.9529246065476327
same_scale_MTC,same_scale_cross_metal,MTC,,silver_futures_MTC,palladium_spot_MTC,0.8906493050201626,1.150397108530155,-0.2597478035099924
same_scale_MTC,same_scale_cross_metal,MTC,,platinum_futures_MTC,gold_futures_MTC,5.0323822884603,3.2625059415145796,1.7698763469457206
same_scale_MTC,same_scale_cross_metal,MTC,,platinum_futures_MTC,silver_futures_MTC,2.7020558852389365,1.3450943298485019,1.3569615553904346
same_scale_MTC,same_scale_cross_metal,MTC,,platinum_futures_MTC,palladium_futures_MTC,7.057364345493056,7.3729793906774805,-0.3156150451844244
same_scale_MTC,same_scale_cross_metal,MTC,,platinum_futures_MTC,gold_spot_MTC,6.892398299936428,5.599974452166788,1.2924238477696397
same_scale_MTC,same_scale_cross_metal,MTC,,platinum_futures_MTC,silver_spot_MTC,18.549729029322222,17.494929776284796,1.0547992530374266
same_scale_MTC,same_scale_cross_metal,MTC,,platinum_futures_MTC,platinum_spot_MTC,45.64674313334097,46.53450210015257,-0.887758966811603
same_scale_MTC,same_scale_cross_metal,MTC,,platinum_futures_MTC,palladium_spot_MTC,6.731359395682647,6.407225327202666,0.3241340684799807
same_scale_MTC,same_scale_cross_metal,MTC,,palladium_futures_MTC,gold_futures_MTC,1.8775761540232843,1.5703326002992581,0.3072435537240261
same_scale_MTC,same_scale_cross_metal,MTC,,palladium_futures_MTC,silver_futures_MTC,2.4760766916430463,1.581094322255623,0.8949823693874233
same_scale_MTC,same_scale_cross_metal,MTC,,palladium_futures_MTC,platinum_futures_MTC,7.3729793906774805,7.057364345493056,0.3156150451844244
same_scale_MTC,same_scale_cross_metal,MTC,,palladium_futures_MTC,gold_spot_MTC,3.1154560875534294,3.096727310162223,0.018728777391206375
same_scale_MTC,same_scale_cross_metal,MTC,,palladium_futures_MTC,silver_spot_MTC,3.767534174660743,3.3430200095362856,0.4245141651244575
same_scale_MTC,same_scale_cross_metal,MTC,,palladium_futures_MTC,platinum_spot_MTC,8.552336778865868,9.142632715612905,-0.5902959367470366
same_scale_MTC,same_scale_cross_metal,MTC,,palladium_futures_MTC,palladium_spot_MTC,59.14259534069658,58.3997097642759,0.742885576420683
same_scale_MTC,same_scale_cross_metal,MTC,,gold_spot_MTC,gold_futures_MTC,28.525589295273722,32.587724473295665,-4.0621351780219435
same_scale_MTC,same_scale_cross_metal,MTC,,gold_spot_MTC,silver_futures_MTC,7.808604351159845,3.646500711035594,4.162103640124251
same_scale_MTC,same_scale_cross_metal,MTC,,gold_spot_MTC,platinum_futures_MTC,5.599974452166788,6.892398299936428,-1.2924238477696397
same_scale_MTC,same_scale_cross_metal,MTC,,gold_spot_MTC,palladium_futures_MTC,3.096727310162223,3.1154560875534294,-0.018728777391206375
same_scale_MTC,same_scale_cross_metal,MTC,,gold_spot_MTC,silver_spot_MTC,15.211821236126896,16.196999357290967,-0.9851781211640702
same_scale_MTC,same_scale_cross_metal,MTC,,gold_spot_MTC,platinum_spot_MTC,5.84268516441609,7.244303939902273,-1.4016187754861829
same_scale_MTC,same_scale_cross_metal,MTC,,gold_spot_MTC,palladium_spot_MTC,2.6084189735925687,2.7239224959406623,-0.11550352234809358
same_scale_MTC,same_scale_cross_metal,MTC,,silver_spot_MTC,gold_futures_MTC,8.451270266853017,6.459809858105217,1.9914604087478
same_scale_MTC,same_scale_cross_metal,MTC,,silver_spot_MTC,silver_futures_MTC,7.357834410839992,3.5445113512683006,3.813323059571691
same_scale_MTC,same_scale_cross_metal,MTC,,silver_spot_MTC,platinum_futures_MTC,17.494929776284796,18.549729029322222,-1.0547992530374266
same_scale_MTC,same_scale_cross_metal,MTC,,silver_spot_MTC,palladium_futures_MTC,3.3430200095362856,3.767534174660743,-0.4245141651244575
same_scale_MTC,same_scale_cross_metal,MTC,,silver_spot_MTC,gold_spot_MTC,16.196999357290967,15.211821236126896,0.9851781211640702
same_scale_MTC,same_scale_cross_metal,MTC,,silver_spot_MTC,platinum_spot_MTC,16.527316229416662,18.191419245217123,-1.6641030158004604
same_scale_MTC,same_scale_cross_metal,MTC,,silver_spot_MTC,palladium_spot_MTC,3.775130704818899,4.042770369786676,-0.2676396649677768
same_scale_MTC,same_scale_cross_metal,MTC,,platinum_spot_MTC,gold_futures_MTC,4.743131765451959,3.0685542193386475,1.6745775461133112
same_scale_MTC,same_scale_cross_metal,MTC,,platinum_spot_MTC,silver_futures_MTC,3.7894254282195243,1.8365008216718917,1.9529246065476327
same_scale_MTC,same_scale_cross_metal,MTC,,platinum_spot_MTC,platinum_futures_MTC,46.53450210015257,45.64674313334097,0.887758966811603
same_scale_MTC,same_scale_cross_metal,MTC,,platinum_spot_MTC,palladium_futures_MTC,9.142632715612905,8.552336778865868,0.5902959367470366
same_scale_MTC,same_scale_cross_metal,MTC,,platinum_spot_MTC,gold_spot_MTC,7.244303939902273,5.84268516441609,1.4016187754861829
same_scale_MTC,same_scale_cross_metal,MTC,,platinum_spot_MTC,silver_spot_MTC,18.191419245217123,16.527316229416662,1.6641030158004604
same_scale_MTC,same_scale_cross_metal,MTC,,platinum_spot_MTC,palladium_spot_MTC,8.154914814410667,7.469972073177211,0.6849427412334554
same_scale_MTC,same_scale_cross_metal,MTC,,palladium_spot_MTC,gold_futures_MTC,3.214399273728435,2.373751770264559,0.8406475034638756
same_scale_MTC,same_scale_cross_metal,MTC,,palladium_spot_MTC,silver_futures_MTC,1.150397108530155,0.8906493050201626,0.2597478035099924
same_scale_MTC,same_scale_cross_metal,MTC,,palladium_spot_MTC,platinum_futures_MTC,6.407225327202666,6.731359395682647,-0.3241340684799807
same_scale_MTC,same_scale_cross_metal,MTC,,palladium_spot_MTC,palladium_futures_MTC,58.3997097642759,59.14259534069658,-0.742885576420683
same_scale_MTC,same_scale_cross_metal,MTC,,palladium_spot_MTC,gold_spot_MTC,2.7239224959406623,2.6084189735925687,0.11550352234809358
same_scale_MTC,same_scale_cross_metal,MTC,,palladium_spot_MTC,silver_spot_MTC,4.042770369786676,3.775130704818899,0.2676396649677768
same_scale_MTC,same_scale_cross_metal,MTC,,palladium_spot_MTC,platinum_spot_MTC,7.469972073177211,8.154914814410667,-0.6849427412334554
same_scale_LTC,same_scale_cross_metal,LTC,,gold_futures_LTC,silver_futures_LTC,19.44852541088067,18.01399832284179,1.4345270880388803
same_scale_LTC,same_scale_cross_metal,LTC,,gold_futures_LTC,platinum_futures_LTC,4.437259237789029,6.0906549279073126,-1.6533956901182831
same_scale_LTC,same_scale_cross_metal,LTC,,gold_futures_LTC,palladium_futures_LTC,3.6352713090152102,4.8659226657148595,-1.2306513566996493
same_scale_LTC,same_scale_cross_metal,LTC,,gold_futures_LTC,gold_spot_LTC,14.655125862954588,20.249305440889216,-5.594179577934629
same_scale_LTC,same_scale_cross_metal,LTC,,gold_futures_LTC,silver_spot_LTC,17.182839619358926,18.120846293181287,-0.9380066738223611
same_scale_LTC,same_scale_cross_metal,LTC,,gold_futures_LTC,platinum_spot_LTC,3.236680198239056,5.201048934109409,-1.9643687358703525
same_scale_LTC,same_scale_cross_metal,LTC,,gold_futures_LTC,palladium_spot_LTC,4.8199780949421935,6.581781378445414,-1.7618032835032205
same_scale_LTC,same_scale_cross_metal,LTC,,silver_futures_LTC,gold_futures_LTC,18.01399832284179,19.44852541088067,-1.4345270880388803
same_scale_LTC,same_scale_cross_metal,LTC,,silver_futures_LTC,platinum_futures_LTC,1.8946940271801591,1.6328741019564437,0.26181992522371544
same_scale_LTC,same_scale_cross_metal,LTC,,silver_futures_LTC,palladium_futures_LTC,5.261292408648973,6.969589510518192,-1.7082971018692188
same_scale_LTC,same_scale_cross_metal,LTC,,silver_futures_LTC,gold_spot_LTC,39.03624169813293,52.153571947776655,-13.117330249643722
same_scale_LTC,same_scale_cross_metal,LTC,,silver_futures_LTC,silver_spot_LTC,4.19525893062342,4.622493275837708,-0.4272343452142877
same_scale_LTC,same_scale_cross_metal,LTC,,silver_futures_LTC,platinum_spot_LTC,1.2648512341352487,0.9509541102004625,0.3138971239347862
same_scale_LTC,same_scale_cross_metal,LTC,,silver_futures_LTC,palladium_spot_LTC,1.8622939328413797,2.7351945948790166,-0.8729006620376369
same_scale_LTC,same_scale_cross_metal,LTC,,platinum_futures_LTC,gold_futures_LTC,6.0906549279073126,4.437259237789029,1.6533956901182831
same_scale_LTC,same_scale_cross_metal,LTC,,platinum_futures_LTC,silver_futures_LTC,1.6328741019564437,1.8946940271801591,-0.26181992522371544
same_scale_LTC,same_scale_cross_metal,LTC,,platinum_futures_LTC,palladium_futures_LTC,4.883119920107724,4.249408778505137,0.6337111416025873
same_scale_LTC,same_scale_cross_metal,LTC,,platinum_futures_LTC,gold_spot_LTC,3.8632029306692033,4.235529369600139,-0.3723264389309353
same_scale_LTC,same_scale_cross_metal,LTC,,platinum_futures_LTC,silver_spot_LTC,21.639169198826213,18.57739697807118,3.0617722207550315
same_scale_LTC,same_scale_cross_metal,LTC,,platinum_futures_LTC,platinum_spot_LTC,56.80587266385967,54.43795657168522,2.367916092174447
same_scale_LTC,same_scale_cross_metal,LTC,,platinum_futures_LTC,palladium_spot_LTC,6.966521529969532,4.334368204266601,2.63215332570293
same_scale_LTC,same_scale_cross_metal,LTC,,palladium_futures_LTC,gold_futures_LTC,4.8659226657148595,3.6352713090152102,1.2306513566996493
same_scale_LTC,same_scale_cross_metal,LTC,,palladium_futures_LTC,silver_futures_LTC,6.969589510518192,5.261292408648973,1.7082971018692188
same_scale_LTC,same_scale_cross_metal,LTC,,palladium_futures_LTC,platinum_futures_LTC,4.249408778505137,4.883119920107724,-0.6337111416025873
same_scale_LTC,same_scale_cross_metal,LTC,,palladium_futures_LTC,gold_spot_LTC,17.193129117693026,18.275433374461123,-1.0823042567680972
same_scale_LTC,same_scale_cross_metal,LTC,,palladium_futures_LTC,silver_spot_LTC,1.6921301893801082,2.094017044456712,-0.40188685507660393
same_scale_LTC,same_scale_cross_metal,LTC,,palladium_futures_LTC,platinum_spot_LTC,4.663975148009834,5.149054183708186,-0.48507903569835165
same_scale_LTC,same_scale_cross_metal,LTC,,palladium_futures_LTC,palladium_spot_LTC,44.020673734614626,51.732611853005814,-7.711938118391188
same_scale_LTC,same_scale_cross_metal,LTC,,gold_spot_LTC,gold_futures_LTC,20.249305440889216,14.655125862954588,5.594179577934629
same_scale_LTC,same_scale_cross_metal,LTC,,gold_spot_LTC,silver_futures_LTC,52.153571947776655,39.03624169813293,13.117330249643722
same_scale_LTC,same_scale_cross_metal,LTC,,gold_spot_LTC,platinum_futures_LTC,4.235529369600139,3.8632029306692033,0.3723264389309353
same_scale_LTC,same_scale_cross_metal,LTC,,gold_spot_LTC,palladium_futures_LTC,18.275433374461123,17.193129117693026,1.0823042567680972
same_scale_LTC,same_scale_cross_metal,LTC,,gold_spot_LTC,silver_spot_LTC,5.619293278833461,5.930336060180828,-0.31104278134736685
same_scale_LTC,same_scale_cross_metal,LTC,,gold_spot_LTC,platinum_spot_LTC,2.4966761416357737,2.9411804960250083,-0.44450435438923463
same_scale_LTC,same_scale_cross_metal,LTC,,gold_spot_LTC,palladium_spot_LTC,4.6042034015573075,5.283642635578138,-0.6794392340208306
same_scale_LTC,same_scale_cross_metal,LTC,,silver_spot_LTC,gold_futures_LTC,18.120846293181287,17.182839619358926,0.9380066738223611
same_scale_LTC,same_scale_cross_metal,LTC,,silver_spot_LTC,silver_futures_LTC,4.622493275837708,4.19525893062342,0.4272343452142877
same_scale_LTC,same_scale_cross_metal,LTC,,silver_spot_LTC,platinum_futures_LTC,18.57739697807118,21.639169198826213,-3.0617722207550315
same_scale_LTC,same_scale_cross_metal,LTC,,silver_spot_LTC,palladium_futures_LTC,2.094017044456712,1.6921301893801082,0.40188685507660393
same_scale_LTC,same_scale_cross_metal,LTC,,silver_spot_LTC,gold_spot_LTC,5.930336060180828,5.619293278833461,0.31104278134736685
same_scale_LTC,same_scale_cross_metal,LTC,,silver_spot_LTC,platinum_spot_LTC,18.293065315947285,20.978428863963725,-2.68536354801644
same_scale_LTC,same_scale_cross_metal,LTC,,silver_spot_LTC,palladium_spot_LTC,4.646106375952391,3.7992937383356145,0.8468126376167762
same_scale_LTC,same_scale_cross_metal,LTC,,platinum_spot_LTC,gold_futures_LTC,5.201048934109409,3.236680198239056,1.9643687358703525
same_scale_LTC,same_scale_cross_metal,LTC,,platinum_spot_LTC,silver_futures_LTC,0.9509541102004625,1.2648512341352487,-0.3138971239347862
same_scale_LTC,same_scale_cross_metal,LTC,,platinum_spot_LTC,platinum_futures_LTC,54.43795657168522,56.80587266385967,-2.367916092174447
same_scale_LTC,same_scale_cross_metal,LTC,,platinum_spot_LTC,palladium_futures_LTC,5.149054183708186,4.663975148009834,0.48507903569835165
same_scale_LTC,same_scale_cross_metal,LTC,,platinum_spot_LTC,gold_spot_LTC,2.9411804960250083,2.4966761416357737,0.44450435438923463
same_scale_LTC,same_scale_cross_metal,LTC,,platinum_spot_LTC,silver_spot_LTC,20.978428863963725,18.293065315947285,2.68536354801644
same_scale_LTC,same_scale_cross_metal,LTC,,platinum_spot_LTC,palladium_spot_LTC,11.128629830265739,7.62142210613868,3.507207724127059
same_scale_LTC,same_scale_cross_metal,LTC,,palladium_spot_LTC,gold_futures_LTC,6.581781378445414,4.8199780949421935,1.7618032835032205
same_scale_LTC,same_scale_cross_metal,LTC,,palladium_spot_LTC,silver_futures_LTC,2.7351945948790166,1.8622939328413797,0.8729006620376369
same_scale_LTC,same_scale_cross_metal,LTC,,palladium_spot_LTC,platinum_futures_LTC,4.334368204266601,6.966521529969532,-2.63215332570293
same_scale_LTC,same_scale_cross_metal,LTC,,palladium_spot_LTC,palladium_futures_LTC,51.732611853005814,44.020673734614626,7.711938118391188
same_scale_LTC,same_scale_cross_metal,LTC,,palladium_spot_LTC,gold_spot_LTC,5.283642635578138,4.6042034015573075,0.6794392340208306
same_scale_LTC,same_scale_cross_metal,LTC,,palladium_spot_LTC,silver_spot_LTC,3.7992937383356145,4.646106375952391,-0.8468126376167762
same_scale_LTC,same_scale_cross_metal,LTC,,palladium_spot_LTC,platinum_spot_LTC,7.62142210613868,11.128629830265739,-3.507207724127059
within_gold,within_metal_cross_scale,,gold,gold_futures_STC,gold_spot_STC,14.882738124671787,12.148108535960498,2.7346295887112895
within_gold,within_metal_cross_scale,,gold,gold_futures_STC,gold_futures_MTC,10.103729891413119,1.3304489764746508,8.773280914938468
within_gold,within_metal_cross_scale,,gold,gold_futures_STC,gold_spot_MTC,5.252183859322181,0.5983098151404618,4.65387404418172
within_gold,within_metal_cross_scale,,gold,gold_futures_STC,gold_futures_LTC,5.530269488963515,0.015211739501448225,5.515057749462066
within_gold,within_metal_cross_scale,,gold,gold_futures_STC,gold_spot_LTC,4.999176213224539,0.056716570254746565,4.9424596429697925
within_gold,within_metal_cross_scale,,gold,gold_spot_STC,gold_futures_STC,12.148108535960498,14.882738124671787,-2.7346295887112895
within_gold,within_metal_cross_scale,,gold,gold_spot_STC,gold_futures_MTC,15.672954567216385,7.2454883397654015,8.427466227450983
within_gold,within_metal_cross_scale,,gold,gold_spot_STC,gold_spot_MTC,10.795248076636664,2.0940447516083243,8.70120332502834
within_gold,within_metal_cross_scale,,gold,gold_spot_STC,gold_futures_LTC,6.022255421989224,0.023830561814723886,5.9984248601745005
within_gold,within_metal_cross_scale,,gold,gold_spot_STC,gold_spot_LTC,4.179527356310006,0.04009948251651709,4.139427873793489
within_gold,within_metal_cross_scale,,gold,gold_futures_MTC,gold_futures_STC,1.3304489764746508,10.103729891413119,-8.773280914938468
within_gold,within_metal_cross_scale,,gold,gold_futures_MTC,gold_spot_STC,7.2454883397654015,15.672954567216385,-8.427466227450983
within_gold,within_metal_cross_scale,,gold,gold_futures_MTC,gold_spot_MTC,56.401876807229065,45.82524495834719,10.576631848881874
within_gold,within_metal_cross_scale,,gold,gold_futures_MTC,gold_futures_LTC,7.392805481559075,0.7492786335273527,6.643526848031723
within_gold,within_metal_cross_scale,,gold,gold_futures_MTC,gold_spot_LTC,2.8419136596279517,0.13504631988449103,2.706867339743461
within_gold,within_metal_cross_scale,,gold,gold_spot_MTC,gold_futures_STC,0.5983098151404618,5.252183859322181,-4.65387404418172
within_gold,within_metal_cross_scale,,gold,gold_spot_MTC,gold_spot_STC,2.0940447516083243,10.795248076636664,-8.70120332502834
within_gold,within_metal_cross_scale,,gold,gold_spot_MTC,gold_futures_MTC,45.82524495834719,56.401876807229065,-10.576631848881874
within_gold,within_metal_cross_scale,,gold,gold_spot_MTC,gold_futures_LTC,9.808941212886344,3.2307399626824234,6.578201250203921
within_gold,within_metal_cross_scale,,gold,gold_spot_MTC,gold_spot_LTC,4.034459580999513,1.066601562989926,2.9678580180095873
within_gold,within_metal_cross_scale,,gold,gold_futures_LTC,gold_futures_STC,0.015211739501448225,5.530269488963515,-5.515057749462066
within_gold,within_metal_cross_scale,,gold,gold_futures_LTC,gold_spot_STC,0.023830561814723886,6.022255421989224,-5.9984248601745005
within_gold,within_metal_cross_scale,,gold,gold_futures_LTC,gold_futures_MTC,0.7492786335273527,7.392805481559075,-6.643526848031723
within_gold,within_metal_cross_scale,,gold,gold_futures_LTC,gold_spot_MTC,3.2307399626824234,9.808941212886344,-6.578201250203921
within_gold,within_metal_cross_scale,,gold,gold_futures_LTC,gold_spot_LTC,50.98750242117609,40.98908592371613,9.998416497459957
within_gold,within_metal_cross_scale,,gold,gold_spot_LTC,gold_futures_STC,0.056716570254746565,4.999176213224539,-4.9424596429697925
within_gold,within_metal_cross_scale,,gold,gold_spot_LTC,gold_spot_STC,0.04009948251651709,4.179527356310006,-4.139427873793489
within_gold,within_metal_cross_scale,,gold,gold_spot_LTC,gold_futures_MTC,0.13504631988449103,2.8419136596279517,-2.706867339743461
within_gold,within_metal_cross_scale,,gold,gold_spot_LTC,gold_spot_MTC,1.066601562989926,4.034459580999513,-2.9678580180095873
within_gold,within_metal_cross_scale,,gold,gold_spot_LTC,gold_futures_LTC,40.98908592371613,50.98750242117609,-9.998416497459957
within_silver,within_metal_cross_scale,,silver,silver_futures_STC,silver_spot_STC,5.529779402109418,5.559759765165592,-0.029980363056173687
within_silver,within_metal_cross_scale,,silver,silver_futures_STC,silver_futures_MTC,18.218998259172235,1.1758863111036746,17.04311194806856
within_silver,within_metal_cross_scale,,silver,silver_futures_STC,silver_spot_MTC,36.195334095838874,6.932128614586078,29.263205481252797
within_silver,within_metal_cross_scale,,silver,silver_futures_STC,silver_futures_LTC,4.337109049894334,0.03371843564628272,4.303390614248051
within_silver,within_metal_cross_scale,,silver,silver_futures_STC,silver_spot_LTC,8.672191393544795,0.2416676833446956,8.430523710200099
within_silver,within_metal_cross_scale,,silver,silver_spot_STC,silver_futures_STC,5.559759765165592,5.529779402109418,0.029980363056173687
within_silver,within_metal_cross_scale,,silver,silver_spot_STC,silver_futures_MTC,10.998161095705283,0.81289286782456,10.185268227880723
within_silver,within_metal_cross_scale,,silver,silver_spot_STC,silver_spot_MTC,26.292315301992865,1.73454126625826,24.557774035734603
within_silver,within_metal_cross_scale,,silver,silver_spot_STC,silver_futures_LTC,5.363833001309327,0.09338248959380956,5.270450511715518
within_silver,within_metal_cross_scale,,silver,silver_spot_STC,silver_spot_LTC,8.140253026292154,0.2852242021002873,7.855028824191867
within_silver,within_metal_cross_scale,,silver,silver_futures_MTC,silver_futures_STC,1.1758863111036746,18.218998259172235,-17.04311194806856
within_silver,within_metal_cross_scale,,silver,silver_futures_MTC,silver_spot_STC,0.81289286782456,10.998161095705283,-10.185268227880723
within_silver,within_metal_cross_scale,,silver,silver_futures_MTC,silver_spot_MTC,9.812753548616183,18.35272652966208,-8.539972981045896
within_silver,within_metal_cross_scale,,silver,silver_futures_MTC,silver_futures_LTC,9.496857495878302,2.466529430646205,7.030328065232098
within_silver,within_metal_cross_scale,,silver,silver_futures_MTC,silver_spot_LTC,40.206528262755825,31.632214509709517,8.574313753046308
within_silver,within_metal_cross_scale,,silver,silver_spot_MTC,silver_futures_STC,6.932128614586078,36.195334095838874,-29.263205481252797
within_silver,within_metal_cross_scale,,silver,silver_spot_MTC,silver_spot_STC,1.73454126625826,26.292315301992865,-24.557774035734603
within_silver,within_metal_cross_scale,,silver,silver_spot_MTC,silver_futures_MTC,18.35272652966208,9.812753548616183,8.539972981045896
within_silver,within_metal_cross_scale,,silver,silver_spot_MTC,silver_futures_LTC,1.5052061706221684,0.06374005095285266,1.4414661196693157
within_silver,within_metal_cross_scale,,silver,silver_spot_MTC,silver_spot_LTC,4.185218111257414,1.3455621941781521,2.839655917079262
within_silver,within_metal_cross_scale,,silver,silver_futures_LTC,silver_futures_STC,0.03371843564628272,4.337109049894334,-4.303390614248051
within_silver,within_metal_cross_scale,,silver,silver_futures_LTC,silver_spot_STC,0.09338248959380956,5.363833001309327,-5.270450511715518
within_silver,within_metal_cross_scale,,silver,silver_futures_LTC,silver_futures_MTC,2.466529430646205,9.496857495878302,-7.030328065232098
within_silver,within_metal_cross_scale,,silver,silver_futures_LTC,silver_spot_MTC,0.06374005095285266,1.5052061706221684,-1.4414661196693157
within_silver,within_metal_cross_scale,,silver,silver_futures_LTC,silver_spot_LTC,13.978816356055551,23.73598256362702,-9.757166207571467
within_silver,within_metal_cross_scale,,silver,silver_spot_LTC,silver_futures_STC,0.2416676833446956,8.672191393544795,-8.430523710200099
within_silver,within_metal_cross_scale,,silver,silver_spot_LTC,silver_spot_STC,0.2852242021002873,8.140253026292154,-7.855028824191867
within_silver,within_metal_cross_scale,,silver,silver_spot_LTC,silver_futures_MTC,31.632214509709517,40.206528262755825,-8.574313753046308
within_silver,within_metal_cross_scale,,silver,silver_spot_LTC,silver_spot_MTC,1.3455621941781521,4.185218111257414,-2.839655917079262
within_silver,within_metal_cross_scale,,silver,silver_spot_LTC,silver_futures_LTC,23.73598256362702,13.978816356055551,9.757166207571467
within_platinum,within_metal_cross_scale,,platinum,platinum_futures_STC,platinum_spot_STC,6.452346060121251,6.736225399824932,-0.28387933970368184
within_platinum,within_metal_cross_scale,,platinum,platinum_futures_STC,platinum_futures_MTC,2.594493799316679,1.004864186773326,1.589629612543353
within_platinum,within_metal_cross_scale,,platinum,platinum_futures_STC,platinum_spot_MTC,1.8925899693627752,0.9326456312361185,0.9599443381266567
within_platinum,within_metal_cross_scale,,platinum,platinum_futures_STC,platinum_futures_LTC,1.1708659531537338,0.198436433229901,0.9724295199238328
within_platinum,within_metal_cross_scale,,platinum,platinum_futures_STC,platinum_spot_LTC,0.7387821066884691,0.09465204534656278,0.6441300613419063
within_platinum,within_metal_cross_scale,,platinum,platinum_spot_STC,platinum_futures_STC,6.736225399824932,6.452346060121251,0.28387933970368184
within_platinum,within_metal_cross_scale,,platinum,platinum_spot_STC,platinum_futures_MTC,1.803074310119516,0.9730793214832447,0.8299949886362712
within_platinum,within_metal_cross_scale,,platinum,platinum_spot_STC,platinum_spot_MTC,2.864098383713308,1.1598277387019529,1.7042706450113552
within_platinum,within_metal_cross_scale,,platinum,platinum_spot_STC,platinum_futures_LTC,0.731181008090778,0.20525252193415475,0.5259284861566232
within_platinum,within_metal_cross_scale,,platinum,platinum_spot_STC,platinum_spot_LTC,0.6865093616555813,0.09211075188182068,0.5943986097737606
within_platinum,within_metal_cross_scale,,platinum,platinum_futures_MTC,platinum_futures_STC,1.004864186773326,2.594493799316679,-1.589629612543353
within_platinum,within_metal_cross_scale,,platinum,platinum_futures_MTC,platinum_spot_STC,0.9730793214832447,1.803074310119516,-0.8299949886362712
within_platinum,within_metal_cross_scale,,platinum,platinum_futures_MTC,platinum_spot_MTC,86.29183019361523,87.29084144063067,-0.9990112470154457
within_platinum,within_metal_cross_scale,,platinum,platinum_futures_MTC,platinum_futures_LTC,3.453786009666944,0.6622062094493316,2.7915798002176127
within_platinum,within_metal_cross_scale,,platinum,platinum_futures_MTC,platinum_spot_LTC,1.0303811513879793,0.16228743816991392,0.8680937132180653
within_platinum,within_metal_cross_scale,,platinum,platinum_spot_MTC,platinum_futures_STC,0.9326456312361185,1.8925899693627752,-0.9599443381266567
within_platinum,within_metal_cross_scale,,platinum,platinum_spot_MTC,platinum_spot_STC,1.1598277387019529,2.864098383713308,-1.7042706450113552
within_platinum,within_metal_cross_scale,,platinum,platinum_spot_MTC,platinum_futures_MTC,87.29084144063067,86.29183019361523,0.9990112470154457
within_platinum,within_metal_cross_scale,,platinum,platinum_spot_MTC,platinum_futures_LTC,4.152709073735486,1.342390242089891,2.8103188316455947
within_platinum,within_metal_cross_scale,,platinum,platinum_spot_MTC,platinum_spot_LTC,1.595480070907861,0.5977847413225144,0.9976953295853466
within_platinum,within_metal_cross_scale,,platinum,platinum_futures_LTC,platinum_futures_STC,0.198436433229901,1.1708659531537338,-0.9724295199238328
within_platinum,within_metal_cross_scale,,platinum,platinum_futures_LTC,platinum_spot_STC,0.20525252193415475,0.731181008090778,-0.5259284861566232
within_platinum,within_metal_cross_scale,,platinum,platinum_futures_LTC,platinum_futures_MTC,0.6622062094493316,3.453786009666944,-2.7915798002176127
within_platinum,within_metal_cross_scale,,platinum,platinum_futures_LTC,platinum_spot_MTC,1.342390242089891,4.152709073735486,-2.8103188316455947
within_platinum,within_metal_cross_scale,,platinum,platinum_futures_LTC,platinum_spot_LTC,82.47477222954258,77.27203058692108,5.202741642621504
within_platinum,within_metal_cross_scale,,platinum,platinum_spot_LTC,platinum_futures_STC,0.09465204534656278,0.7387821066884691,-0.6441300613419063
within_platinum,within_metal_cross_scale,,platinum,platinum_spot_LTC,platinum_spot_STC,0.09211075188182068,0.6865093616555813,-0.5943986097737606
within_platinum,within_metal_cross_scale,,platinum,platinum_spot_LTC,platinum_futures_MTC,0.16228743816991392,1.0303811513879793,-0.8680937132180653
within_platinum,within_metal_cross_scale,,platinum,platinum_spot_LTC,platinum_spot_MTC,0.5977847413225144,1.595480070907861,-0.9976953295853466
within_platinum,within_metal_cross_scale,,platinum,platinum_spot_LTC,platinum_futures_LTC,77.27203058692108,82.47477222954258,-5.202741642621504
within_palladium,within_metal_cross_scale,,palladium,palladium_futures_STC,palladium_spot_STC,5.387006097715593,5.606434061816635,-0.21942796410104126
within_palladium,within_metal_cross_scale,,palladium,palladium_futures_STC,palladium_futures_MTC,3.551004302211533,1.2202049956789536,2.3307993065325796
within_palladium,within_metal_cross_scale,,palladium,palladium_futures_STC,palladium_spot_MTC,4.387548959447754,1.1881553665085314,3.1993935929392228
within_palladium,within_metal_cross_scale,,palladium,palladium_futures_STC,palladium_futures_LTC,3.2280407571784906,0.11657241505016493,3.1114683421283256
within_palladium,within_metal_cross_scale,,palladium,palladium_futures_STC,palladium_spot_LTC,4.403927498941082,0.035703819129366654,4.368223679811715
within_palladium,within_metal_cross_scale,,palladium,palladium_spot_STC,palladium_futures_STC,5.606434061816635,5.387006097715593,0.21942796410104126
within_palladium,within_metal_cross_scale,,palladium,palladium_spot_STC,palladium_futures_MTC,2.6967126081535295,0.8386116344464153,1.8581009737071144
within_palladium,within_metal_cross_scale,,palladium,palladium_spot_STC,palladium_spot_MTC,4.692801528918861,0.7938958655963761,3.898905663322485
within_palladium,within_metal_cross_scale,,palladium,palladium_spot_STC,palladium_futures_LTC,2.753017515601239,0.11496723508345016,2.638050280517789
within_palladium,within_metal_cross_scale,,palladium,palladium_spot_STC,palladium_spot_LTC,4.528973919143745,0.043696415363650896,4.485277503780094
within_palladium,within_metal_cross_scale,,palladium,palladium_futures_MTC,palladium_futures_STC,1.2202049956789536,3.551004302211533,-2.3307993065325796
within_palladium,within_metal_cross_scale,,palladium,palladium_futures_MTC,palladium_spot_STC,0.8386116344464153,2.6967126081535295,-1.8581009737071144
within_palladium,within_metal_cross_scale,,palladium,palladium_futures_MTC,palladium_spot_MTC,80.69528115378152,82.08346533386081,-1.3881841800792927
within_palladium,within_metal_cross_scale,,palladium,palladium_futures_MTC,palladium_futures_LTC,4.38877923595087,0.7757165425722854,3.6130626933785845
within_palladium,within_metal_cross_scale,,palladium,palladium_futures_MTC,palladium_spot_LTC,7.168218008496628,1.44786049873747,5.7203575097591575
within_palladium,within_metal_cross_scale,,palladium,palladium_spot_MTC,palladium_futures_STC,1.1881553665085314,4.387548959447754,-3.1993935929392228
within_palladium,within_metal_cross_scale,,palladium,palladium_spot_MTC,palladium_spot_STC,0.7938958655963761,4.692801528918861,-3.898905663322485
within_palladium,within_metal_cross_scale,,palladium,palladium_spot_MTC,palladium_futures_MTC,82.08346533386081,80.69528115378152,1.3881841800792927
within_palladium,within_metal_cross_scale,,palladium,palladium_spot_MTC,palladium_futures_LTC,3.3269432272509962,0.24270273479079868,3.0842404924601974
within_palladium,within_metal_cross_scale,,palladium,palladium_spot_MTC,palladium_spot_LTC,6.060612905718397,0.7174898224333973,5.343123083285
within_palladium,within_metal_cross_scale,,palladium,palladium_futures_LTC,palladium_futures_STC,0.11657241505016493,3.2280407571784906,-3.1114683421283256
within_palladium,within_metal_cross_scale,,palladium,palladium_futures_LTC,palladium_spot_STC,0.11496723508345016,2.753017515601239,-2.638050280517789
within_palladium,within_metal_cross_scale,,palladium,palladium_futures_LTC,palladium_futures_MTC,0.7757165425722854,4.38877923595087,-3.6130626933785845
within_palladium,within_metal_cross_scale,,palladium,palladium_futures_LTC,palladium_spot_MTC,0.24270273479079868,3.3269432272509962,-3.0842404924601974
within_palladium,within_metal_cross_scale,,palladium,palladium_futures_LTC,palladium_spot_LTC,54.76599375347359,66.18922029465686,-11.423226541183276
within_palladium,within_metal_cross_scale,,palladium,palladium_spot_LTC,palladium_futures_STC,0.035703819129366654,4.403927498941082,-4.368223679811715
within_palladium,within_metal_cross_scale,,palladium,palladium_spot_LTC,palladium_spot_STC,0.043696415363650896,4.528973919143745,-4.485277503780094
within_palladium,within_metal_cross_scale,,palladium,palladium_spot_LTC,palladium_futures_MTC,1.44786049873747,7.168218008496628,-5.7203575097591575
within_palladium,within_metal_cross_scale,,palladium,palladium_spot_LTC,palladium_spot_MTC,0.7174898224333973,6.060612905718397,-5.343123083285
within_palladium,within_metal_cross_scale,,palladium,palladium_spot_LTC,palladium_futures_LTC,66.18922029465686,54.76599375347359,11.423226541183276
