date,network_id,network_type,window_size,window_start,window_end,target,source,r2g,r2g_percent
,same_scale_STC,same_scale_cross_metal,3100,2012-01-04,2026-03-31,gold_futures_STC,gold_futures_STC,0.0,0.0
,same_scale_STC,same_scale_cross_metal,3100,2012-01-04,2026-03-31,gold_futures_STC,silver_futures_STC,0.08941414619588459,8.941414619588459
,same_scale_STC,same_scale_cross_metal,3100,2012-01-04,2026-03-31,gold_futures_STC,platinum_futures_STC,0.07871266236721704,7.871266236721704
,same_scale_STC,same_scale_cross_metal,3100,2012-01-04,2026-03-31,gold_futures_STC,palladium_futures_STC,0.0830635655284081,8.30635655284081
,same_scale_STC,same_scale_cross_metal,3100,2012-01-04,2026-03-31,gold_futures_STC,gold_spot_STC,0.09856019720159942,9.856019720159942
,same_scale_STC,same_scale_cross_metal,3100,2012-01-04,2026-03-31,gold_futures_STC,silver_spot_STC,0.11136579883514156,11.136579883514155
,same_scale_STC,same_scale_cross_metal,3100,2012-01-04,2026-03-31,gold_futures_STC,platinum_spot_STC,0.0780153066521649,7.8015306652164895
,same_scale_STC,same_scale_cross_metal,3100,2012-01-04,2026-03-31,gold_futures_STC,palladium_spot_STC,0.08383067277374333,8.383067277374332
,same_scale_STC,same_scale_cross_metal,3100,2012-01-04,2026-03-31,silver_futures_STC,gold_futures_STC,0.0927263153432575,9.27263153432575
,same_scale_STC,same_scale_cross_metal,3100,2012-01-04,2026-03-31,silver_futures_STC,silver_futures_STC,0.0,0.0
,same_scale_STC,same_scale_cross_metal,3100,2012-01-04,2026-03-31,silver_futures_STC,platinum_futures_STC,0.09374083622920375,9.374083622920375
,same_scale_STC,same_scale_cross_metal,3100,2012-01-04,2026-03-31,silver_futures_STC,palladium_futures_STC,0.08429890217452492,8.429890217452492
,same_scale_STC,same_scale_cross_metal,3100,2012-01-04,2026-03-31,silver_futures_STC,gold_spot_STC,0.12495262281828626,12.495262281828627
,same_scale_STC,same_scale_cross_metal,3100,2012-01-04,2026-03-31,silver_futures_STC,silver_spot_STC,0.11534157928008089,11.534157928008089
,same_scale_STC,same_scale_cross_metal,3100,2012-01-04,2026-03-31,silver_futures_STC,platinum_spot_STC,0.09470162757568565,9.470162757568565
,same_scale_STC,same_scale_cross_metal,3100,2012-01-04,2026-03-31,silver_futures_STC,palladium_spot_STC,0.08578931423716507,8.578931423716508
,same_scale_STC,same_scale_cross_metal,3100,2012-01-04,2026-03-31,platinum_futures_STC,gold_futures_STC,0.1043180790193218,10.43180790193218
,same_scale_STC,same_scale_cross_metal,3100,2012-01-04,2026-03-31,platinum_futures_STC,silver_futures_STC,0.14380748637503832,14.380748637503832
,same_scale_STC,same_scale_cross_metal,3100,2012-01-04,2026-03-31,platinum_futures_STC,platinum_futures_STC,0.0,0.0
,same_scale_STC,same_scale_cross_metal,3100,2012-01-04,2026-03-31,platinum_futures_STC,palladium_futures_STC,0.09076730456619761,9.07673045661976
,same_scale_STC,same_scale_cross_metal,3100,2012-01-04,2026-03-31,platinum_futures_STC,gold_spot_STC,0.1344158889016148,13.44158889016148
,same_scale_STC,same_scale_cross_metal,3100,2012-01-04,2026-03-31,platinum_futures_STC,silver_spot_STC,0.1225819797385941,12.25819797385941
,same_scale_STC,same_scale_cross_metal,3100,2012-01-04,2026-03-31,platinum_futures_STC,platinum_spot_STC,0.18076672220913323,18.076672220913323
,same_scale_STC,same_scale_cross_metal,3100,2012-01-04,2026-03-31,platinum_futures_STC,palladium_spot_STC,0.0896930476620455,8.96930476620455
,same_scale_STC,same_scale_cross_metal,3100,2012-01-04,2026-03-31,palladium_futures_STC,gold_futures_STC,0.10590492293913498,10.590492293913497
,same_scale_STC,same_scale_cross_metal,3100,2012-01-04,2026-03-31,palladium_futures_STC,silver_futures_STC,0.10668097322791588,10.668097322791589
,same_scale_STC,same_scale_cross_metal,3100,2012-01-04,2026-03-31,palladium_futures_STC,platinum_futures_STC,0.14105523699615935,14.105523699615935
,same_scale_STC,same_scale_cross_metal,3100,2012-01-04,2026-03-31,palladium_futures_STC,palladium_futures_STC,0.0,0.0
,same_scale_STC,same_scale_cross_metal,3100,2012-01-04,2026-03-31,palladium_futures_STC,gold_spot_STC,0.09418843127834076,9.418843127834077
,same_scale_STC,same_scale_cross_metal,3100,2012-01-04,2026-03-31,palladium_futures_STC,silver_spot_STC,0.08904077689506656,8.904077689506657
,same_scale_STC,same_scale_cross_metal,3100,2012-01-04,2026-03-31,palladium_futures_STC,platinum_spot_STC,0.13678377041602915,13.678377041602916
,same_scale_STC,same_scale_cross_metal,3100,2012-01-04,2026-03-31,palladium_futures_STC,palladium_spot_STC,0.21156869089048996,21.156869089048996
,same_scale_STC,same_scale_cross_metal,3100,2012-01-04,2026-03-31,gold_spot_STC,gold_futures_STC,0.09265635746505804,9.265635746505804
,same_scale_STC,same_scale_cross_metal,3100,2012-01-04,2026-03-31,gold_spot_STC,silver_futures_STC,0.11451417082698379,11.451417082698379
,same_scale_STC,same_scale_cross_metal,3100,2012-01-04,2026-03-31,gold_spot_STC,platinum_futures_STC,0.0995115474243201,9.95115474243201
,same_scale_STC,same_scale_cross_metal,3100,2012-01-04,2026-03-31,gold_spot_STC,palladium_futures_STC,0.10883833198412458,10.883833198412459
,same_scale_STC,same_scale_cross_metal,3100,2012-01-04,2026-03-31,gold_spot_STC,gold_spot_STC,0.0,0.0
,same_scale_STC,same_scale_cross_metal,3100,2012-01-04,2026-03-31,gold_spot_STC,silver_spot_STC,0.12283215664963062,12.283215664963063
,same_scale_STC,same_scale_cross_metal,3100,2012-01-04,2026-03-31,gold_spot_STC,platinum_spot_STC,0.09624591957630052,9.624591957630052
,same_scale_STC,same_scale_cross_metal,3100,2012-01-04,2026-03-31,gold_spot_STC,palladium_spot_STC,0.11027180606324478,11.027180606324478
,same_scale_STC,same_scale_cross_metal,3100,2012-01-04,2026-03-31,silver_spot_STC,gold_futures_STC,0.11512154751580214,11.512154751580214
,same_scale_STC,same_scale_cross_metal,3100,2012-01-04,2026-03-31,silver_spot_STC,silver_futures_STC,0.11394123877522115,11.394123877522116
,same_scale_STC,same_scale_cross_metal,3100,2012-01-04,2026-03-31,silver_spot_STC,platinum_futures_STC,0.11059086080627178,11.059086080627178
,same_scale_STC,same_scale_cross_metal,3100,2012-01-04,2026-03-31,silver_spot_STC,palladium_futures_STC,0.10556310911710431,10.556310911710431
,same_scale_STC,same_scale_cross_metal,3100,2012-01-04,2026-03-31,silver_spot_STC,gold_spot_STC,0.12898538458114123,12.898538458114123
,same_scale_STC,same_scale_cross_metal,3100,2012-01-04,2026-03-31,silver_spot_STC,silver_spot_STC,0.0,0.0
,same_scale_STC,same_scale_cross_metal,3100,2012-01-04,2026-03-31,silver_spot_STC,platinum_spot_STC,0.108250590041662,10.8250590041662
,same_scale_STC,same_scale_cross_metal,3100,2012-01-04,2026-03-31,silver_spot_STC,palladium_spot_STC,0.10633312392609344,10.633312392609344
,same_scale_STC,same_scale_cross_metal,3100,2012-01-04,2026-03-31,platinum_spot_STC,gold_futures_STC,0.09328761729819779,9.328761729819778
,same_scale_STC,same_scale_cross_metal,3100,2012-01-04,2026-03-31,platinum_spot_STC,silver_futures_STC,0.11549984157418872,11.549984157418871
,same_scale_STC,same_scale_cross_metal,3100,2012-01-04,2026-03-31,platinum_spot_STC,platinum_futures_STC,0.2599320650311899,25.993206503118987
,same_scale_STC,same_scale_cross_metal,3100,2012-01-04,2026-03-31,platinum_spot_STC,palladium_futures_STC,0.09358611340405681,9.358611340405682
,same_scale_STC,same_scale_cross_metal,3100,2012-01-04,2026-03-31,platinum_spot_STC,gold_spot_STC,0.10443802839339614,10.443802839339615
,same_scale_STC,same_scale_cross_metal,3100,2012-01-04,2026-03-31,platinum_spot_STC,silver_spot_STC,0.11274413727394024,11.274413727394023
,same_scale_STC,same_scale_cross_metal,3100,2012-01-04,2026-03-31,platinum_spot_STC,platinum_spot_STC,0.0,0.0
,same_scale_STC,same_scale_cross_metal,3100,2012-01-04,2026-03-31,platinum_spot_STC,palladium_spot_STC,0.09753518840735564,9.753518840735564
,same_scale_STC,same_scale_cross_metal,3100,2012-01-04,2026-03-31,palladium_spot_STC,gold_futures_STC,0.10540318331433576,10.540318331433577
,same_scale_STC,same_scale_cross_metal,3100,2012-01-04,2026-03-31,palladium_spot_STC,silver_futures_STC,0.10823406689542438,10.823406689542438
,same_scale_STC,same_scale_cross_metal,3100,2012-01-04,2026-03-31,palladium_spot_STC,platinum_futures_STC,0.13481760218046313,13.481760218046313
,same_scale_STC,same_scale_cross_metal,3100,2012-01-04,2026-03-31,palladium_spot_STC,palladium_futures_STC,0.20100925712035034,20.100925712035036
,same_scale_STC,same_scale_cross_metal,3100,2012-01-04,2026-03-31,palladium_spot_STC,gold_spot_STC,0.106830507684183,10.6830507684183
,same_scale_STC,same_scale_cross_metal,3100,2012-01-04,2026-03-31,palladium_spot_STC,silver_spot_STC,0.09031201783034598,9.031201783034598
,same_scale_STC,same_scale_cross_metal,3100,2012-01-04,2026-03-31,palladium_spot_STC,platinum_spot_STC,0.13745617641660798,13.745617641660798
,same_scale_STC,same_scale_cross_metal,3100,2012-01-04,2026-03-31,palladium_spot_STC,palladium_spot_STC,0.0,0.0
,same_scale_MTC,same_scale_cross_metal,3100,2012-01-04,2026-03-31,gold_futures_MTC,gold_futures_MTC,0.0,0.0
,same_scale_MTC,same_scale_cross_metal,3100,2012-01-04,2026-03-31,gold_futures_MTC,silver_futures_MTC,0.028192917190187575,2.8192917190187576
,same_scale_MTC,same_scale_cross_metal,3100,2012-01-04,2026-03-31,gold_futures_MTC,platinum_futures_MTC,0.0759994096801332,7.59994096801332
,same_scale_MTC,same_scale_cross_metal,3100,2012-01-04,2026-03-31,gold_futures_MTC,palladium_futures_MTC,0.05364867806826263,5.364867806826263
,same_scale_MTC,same_scale_cross_metal,3100,2012-01-04,2026-03-31,gold_futures_MTC,gold_spot_MTC,0.12252838789208653,12.252838789208653
,same_scale_MTC,same_scale_cross_metal,3100,2012-01-04,2026-03-31,gold_futures_MTC,silver_spot_MTC,0.05625213247715622,5.625213247715622
,same_scale_MTC,same_scale_cross_metal,3100,2012-01-04,2026-03-31,gold_futures_MTC,platinum_spot_MTC,0.07646304820899916,7.646304820899916
,same_scale_MTC,same_scale_cross_metal,3100,2012-01-04,2026-03-31,gold_futures_MTC,palladium_spot_MTC,0.05329525188696562,5.329525188696562
,same_scale_MTC,same_scale_cross_metal,3100,2012-01-04,2026-03-31,silver_futures_MTC,gold_futures_MTC,0.017540247662407783,1.7540247662407784
,same_scale_MTC,same_scale_cross_metal,3100,2012-01-04,2026-03-31,silver_futures_MTC,silver_futures_MTC,0.0,0.0
,same_scale_MTC,same_scale_cross_metal,3100,2012-01-04,2026-03-31,silver_futures_MTC,platinum_futures_MTC,0.016771052518159617,1.6771052518159617
,same_scale_MTC,same_scale_cross_metal,3100,2012-01-04,2026-03-31,silver_futures_MTC,palladium_futures_MTC,0.014864384159388934,1.4864384159388935
,same_scale_MTC,same_scale_cross_metal,3100,2012-01-04,2026-03-31,silver_futures_MTC,gold_spot_MTC,0.01790840561820494,1.7908405618204941
,same_scale_MTC,same_scale_cross_metal,3100,2012-01-04,2026-03-31,silver_futures_MTC,silver_spot_MTC,0.017184652753015377,1.7184652753015377
,same_scale_MTC,same_scale_cross_metal,3100,2012-01-04,2026-03-31,silver_futures_MTC,platinum_spot_MTC,0.016685499653783742,1.6685499653783742
,same_scale_MTC,same_scale_cross_metal,3100,2012-01-04,2026-03-31,silver_futures_MTC,palladium_spot_MTC,0.01440454243905376,1.440454243905376
,same_scale_MTC,same_scale_cross_metal,3100,2012-01-04,2026-03-31,platinum_futures_MTC,gold_futures_MTC,0.12802608373965127,12.802608373965127
,same_scale_MTC,same_scale_cross_metal,3100,2012-01-04,2026-03-31,platinum_futures_MTC,silver_futures_MTC,0.03575001923110936,3.575001923110936
,same_scale_MTC,same_scale_cross_metal,3100,2012-01-04,2026-03-31,platinum_futures_MTC,platinum_futures_MTC,0.0,0.0
,same_scale_MTC,same_scale_cross_metal,3100,2012-01-04,2026-03-31,platinum_futures_MTC,palladium_futures_MTC,0.10469229759478231,10.469229759478232
,same_scale_MTC,same_scale_cross_metal,3100,2012-01-04,2026-03-31,platinum_futures_MTC,gold_spot_MTC,0.12940828607936058,12.940828607936059
,same_scale_MTC,same_scale_cross_metal,3100,2012-01-04,2026-03-31,platinum_futures_MTC,silver_spot_MTC,0.17573640554156142,17.573640554156142
,same_scale_MTC,same_scale_cross_metal,3100,2012-01-04,2026-03-31,platinum_futures_MTC,platinum_spot_MTC,0.1917862318901788,19.17862318901788
,same_scale_MTC,same_scale_cross_metal,3100,2012-01-04,2026-03-31,platinum_futures_MTC,palladium_spot_MTC,0.10511830395023579,10.511830395023578
,same_scale_MTC,same_scale_cross_metal,3100,2012-01-04,2026-03-31,palladium_futures_MTC,gold_futures_MTC,0.07246903393819422,7.246903393819422
,same_scale_MTC,same_scale_cross_metal,3100,2012-01-04,2026-03-31,palladium_futures_MTC,silver_futures_MTC,0.08308916620733318,8.308916620733319
,same_scale_MTC,same_scale_cross_metal,3100,2012-01-04,2026-03-31,palladium_futures_MTC,platinum_futures_MTC,0.11118440445737117,11.118440445737116
,same_scale_MTC,same_scale_cross_metal,3100,2012-01-04,2026-03-31,palladium_futures_MTC,palladium_futures_MTC,0.0,0.0
,same_scale_MTC,same_scale_cross_metal,3100,2012-01-04,2026-03-31,palladium_futures_MTC,gold_spot_MTC,0.07676235195856676,7.676235195856676
,same_scale_MTC,same_scale_cross_metal,3100,2012-01-04,2026-03-31,palladium_futures_MTC,silver_spot_MTC,0.1005856911618828,10.05856911618828
,same_scale_MTC,same_scale_cross_metal,3100,2012-01-04,2026-03-31,palladium_futures_MTC,platinum_spot_MTC,0.10489108109386368,10.489108109386368
,same_scale_MTC,same_scale_cross_metal,3100,2012-01-04,2026-03-31,palladium_futures_MTC,palladium_spot_MTC,0.268291869988209,26.829186998820898
,same_scale_MTC,same_scale_cross_metal,3100,2012-01-04,2026-03-31,gold_spot_MTC,gold_futures_MTC,0.09996514206263217,9.996514206263218
,same_scale_MTC,same_scale_cross_metal,3100,2012-01-04,2026-03-31,gold_spot_MTC,silver_futures_MTC,0.03565232757160928,3.5652327571609277
,same_scale_MTC,same_scale_cross_metal,3100,2012-01-04,2026-03-31,gold_spot_MTC,platinum_futures_MTC,0.09977299811970974,9.977299811970974
,same_scale_MTC,same_scale_cross_metal,3100,2012-01-04,2026-03-31,gold_spot_MTC,palladium_futures_MTC,0.08770584108087033,8.770584108087034
,same_scale_MTC,same_scale_cross_metal,3100,2012-01-04,2026-03-31,gold_spot_MTC,gold_spot_MTC,0.0,0.0
,same_scale_MTC,same_scale_cross_metal,3100,2012-01-04,2026-03-31,gold_spot_MTC,silver_spot_MTC,0.08947384989207086,8.947384989207086
,same_scale_MTC,same_scale_cross_metal,3100,2012-01-04,2026-03-31,gold_spot_MTC,platinum_spot_MTC,0.1008463803994807,10.08463803994807
,same_scale_MTC,same_scale_cross_metal,3100,2012-01-04,2026-03-31,gold_spot_MTC,palladium_spot_MTC,0.08878373773110254,8.878373773110255
,same_scale_MTC,same_scale_cross_metal,3100,2012-01-04,2026-03-31,silver_spot_MTC,gold_futures_MTC,0.07830737873407113,7.830737873407114
,same_scale_MTC,same_scale_cross_metal,3100,2012-01-04,2026-03-31,silver_spot_MTC,silver_futures_MTC,0.023496902925110343,2.3496902925110343
,same_scale_MTC,same_scale_cross_metal,3100,2012-01-04,2026-03-31,silver_spot_MTC,platinum_futures_MTC,0.12297404195137637,12.297404195137638
,same_scale_MTC,same_scale_cross_metal,3100,2012-01-04,2026-03-31,silver_spot_MTC,palladium_futures_MTC,0.10919490426104556,10.919490426104556
,same_scale_MTC,same_scale_cross_metal,3100,2012-01-04,2026-03-31,silver_spot_MTC,gold_spot_MTC,0.09789622773350982,9.789622773350983
,same_scale_MTC,same_scale_cross_metal,3100,2012-01-04,2026-03-31,silver_spot_MTC,silver_spot_MTC,0.0,0.0
,same_scale_MTC,same_scale_cross_metal,3100,2012-01-04,2026-03-31,silver_spot_MTC,platinum_spot_MTC,0.1258136357832117,12.58136357832117
,same_scale_MTC,same_scale_cross_metal,3100,2012-01-04,2026-03-31,silver_spot_MTC,palladium_spot_MTC,0.10760784793371522,10.760784793371522
,same_scale_MTC,same_scale_cross_metal,3100,2012-01-04,2026-03-31,platinum_spot_MTC,gold_futures_MTC,0.1315837719618564,13.158377196185638
,same_scale_MTC,same_scale_cross_metal,3100,2012-01-04,2026-03-31,platinum_spot_MTC,silver_futures_MTC,0.03176950284969613,3.176950284969613
,same_scale_MTC,same_scale_cross_metal,3100,2012-01-04,2026-03-31,platinum_spot_MTC,platinum_futures_MTC,0.1927621406416149,19.27621406416149
,same_scale_MTC,same_scale_cross_metal,3100,2012-01-04,2026-03-31,platinum_spot_MTC,palladium_futures_MTC,0.1071916583507392,10.71916583507392
,same_scale_MTC,same_scale_cross_metal,3100,2012-01-04,2026-03-31,platinum_spot_MTC,gold_spot_MTC,0.13346950388709689,13.346950388709688
,same_scale_MTC,same_scale_cross_metal,3100,2012-01-04,2026-03-31,platinum_spot_MTC,silver_spot_MTC,0.17343054219242343,17.343054219242344
,same_scale_MTC,same_scale_cross_metal,3100,2012-01-04,2026-03-31,platinum_spot_MTC,platinum_spot_MTC,0.0,0.0
,same_scale_MTC,same_scale_cross_metal,3100,2012-01-04,2026-03-31,platinum_spot_MTC,palladium_spot_MTC,0.10727852817222791,10.727852817222791
,same_scale_MTC,same_scale_cross_metal,3100,2012-01-04,2026-03-31,palladium_spot_MTC,gold_futures_MTC,0.09602122864590078,9.602122864590077
,same_scale_MTC,same_scale_cross_metal,3100,2012-01-04,2026-03-31,palladium_spot_MTC,silver_futures_MTC,0.029625502926885844,2.9625502926885843
,same_scale_MTC,same_scale_cross_metal,3100,2012-01-04,2026-03-31,palladium_spot_MTC,platinum_futures_MTC,0.1125925729324048,11.259257293240479
,same_scale_MTC,same_scale_cross_metal,3100,2012-01-04,2026-03-31,palladium_spot_MTC,palladium_futures_MTC,0.2816390183184171,28.16390183184171
,same_scale_MTC,same_scale_cross_metal,3100,2012-01-04,2026-03-31,palladium_spot_MTC,gold_spot_MTC,0.08418622371241176,8.418622371241176
,same_scale_MTC,same_scale_cross_metal,3100,2012-01-04,2026-03-31,palladium_spot_MTC,silver_spot_MTC,0.10209508495603342,10.209508495603343
,same_scale_MTC,same_scale_cross_metal,3100,2012-01-04,2026-03-31,palladium_spot_MTC,platinum_spot_MTC,0.10607570857313385,10.607570857313386
,same_scale_MTC,same_scale_cross_metal,3100,2012-01-04,2026-03-31,palladium_spot_MTC,palladium_spot_MTC,0.0,0.0
,same_scale_LTC,same_scale_cross_metal,3100,2012-01-04,2026-03-31,gold_futures_LTC,gold_futures_LTC,0.0,0.0
,same_scale_LTC,same_scale_cross_metal,3100,2012-01-04,2026-03-31,gold_futures_LTC,silver_futures_LTC,0.06344046582504087,6.344046582504087
,same_scale_LTC,same_scale_cross_metal,3100,2012-01-04,2026-03-31,gold_futures_LTC,platinum_futures_LTC,0.09374134624597324,9.374134624597325
,same_scale_LTC,same_scale_cross_metal,3100,2012-01-04,2026-03-31,gold_futures_LTC,palladium_futures_LTC,0.07966897552601251,7.966897552601251
,same_scale_LTC,same_scale_cross_metal,3100,2012-01-04,2026-03-31,gold_futures_LTC,gold_spot_LTC,0.07837928746151636,7.837928746151636
,same_scale_LTC,same_scale_cross_metal,3100,2012-01-04,2026-03-31,gold_futures_LTC,silver_spot_LTC,0.10253442884856583,10.253442884856582
,same_scale_LTC,same_scale_cross_metal,3100,2012-01-04,2026-03-31,gold_futures_LTC,platinum_spot_LTC,0.09055739977550875,9.055739977550875
,same_scale_LTC,same_scale_cross_metal,3100,2012-01-04,2026-03-31,gold_futures_LTC,palladium_spot_LTC,0.08328117472589505,8.328117472589506
,same_scale_LTC,same_scale_cross_metal,3100,2012-01-04,2026-03-31,silver_futures_LTC,gold_futures_LTC,0.12229023632339936,12.229023632339937
,same_scale_LTC,same_scale_cross_metal,3100,2012-01-04,2026-03-31,silver_futures_LTC,silver_futures_LTC,0.0,0.0
,same_scale_LTC,same_scale_cross_metal,3100,2012-01-04,2026-03-31,silver_futures_LTC,platinum_futures_LTC,0.06907061762641195,6.907061762641195
,same_scale_LTC,same_scale_cross_metal,3100,2012-01-04,2026-03-31,silver_futures_LTC,palladium_futures_LTC,0.10432303151318116,10.432303151318116
,same_scale_LTC,same_scale_cross_metal,3100,2012-01-04,2026-03-31,silver_futures_LTC,gold_spot_LTC,0.11737265827262305,11.737265827262306
,same_scale_LTC,same_scale_cross_metal,3100,2012-01-04,2026-03-31,silver_futures_LTC,silver_spot_LTC,0.06864767045712657,6.864767045712656
,same_scale_LTC,same_scale_cross_metal,3100,2012-01-04,2026-03-31,silver_futures_LTC,platinum_spot_LTC,0.08027417522397845,8.027417522397846
,same_scale_LTC,same_scale_cross_metal,3100,2012-01-04,2026-03-31,silver_futures_LTC,palladium_spot_LTC,0.12013661934660717,12.013661934660718
,same_scale_LTC,same_scale_cross_metal,3100,2012-01-04,2026-03-31,platinum_futures_LTC,gold_futures_LTC,0.12069837895931211,12.069837895931212
,same_scale_LTC,same_scale_cross_metal,3100,2012-01-04,2026-03-31,platinum_futures_LTC,silver_futures_LTC,0.08834959339839873,8.834959339839873
,same_scale_LTC,same_scale_cross_metal,3100,2012-01-04,2026-03-31,platinum_futures_LTC,platinum_futures_LTC,0.0,0.0
,same_scale_LTC,same_scale_cross_metal,3100,2012-01-04,2026-03-31,platinum_futures_LTC,palladium_futures_LTC,0.11979035260099585,11.979035260099586
,same_scale_LTC,same_scale_cross_metal,3100,2012-01-04,2026-03-31,platinum_futures_LTC,gold_spot_LTC,0.10018994360511203,10.018994360511204
,same_scale_LTC,same_scale_cross_metal,3100,2012-01-04,2026-03-31,platinum_futures_LTC,silver_spot_LTC,0.13788830708036678,13.788830708036679
,same_scale_LTC,same_scale_cross_metal,3100,2012-01-04,2026-03-31,platinum_futures_LTC,platinum_spot_LTC,0.13419333808020684,13.419333808020683
,same_scale_LTC,same_scale_cross_metal,3100,2012-01-04,2026-03-31,platinum_futures_LTC,palladium_spot_LTC,0.10092537065030754,10.092537065030754
,same_scale_LTC,same_scale_cross_metal,3100,2012-01-04,2026-03-31,palladium_futures_LTC,gold_futures_LTC,0.060255274194944725,6.025527419494472
,same_scale_LTC,same_scale_cross_metal,3100,2012-01-04,2026-03-31,palladium_futures_LTC,silver_futures_LTC,0.06689325642312086,6.6893256423120855
,same_scale_LTC,same_scale_cross_metal,3100,2012-01-04,2026-03-31,palladium_futures_LTC,platinum_futures_LTC,0.06650246790503817,6.650246790503816
,same_scale_LTC,same_scale_cross_metal,3100,2012-01-04,2026-03-31,palladium_futures_LTC,palladium_futures_LTC,0.0,0.0
,same_scale_LTC,same_scale_cross_metal,3100,2012-01-04,2026-03-31,palladium_futures_LTC,gold_spot_LTC,0.0809738413393578,8.09738413393578
,same_scale_LTC,same_scale_cross_metal,3100,2012-01-04,2026-03-31,palladium_futures_LTC,silver_spot_LTC,0.07536227652747314,7.536227652747314
,same_scale_LTC,same_scale_cross_metal,3100,2012-01-04,2026-03-31,palladium_futures_LTC,platinum_spot_LTC,0.05096565372360446,5.0965653723604465
,same_scale_LTC,same_scale_cross_metal,3100,2012-01-04,2026-03-31,palladium_futures_LTC,palladium_spot_LTC,0.3020606836517564,30.206068365175643
,same_scale_LTC,same_scale_cross_metal,3100,2012-01-04,2026-03-31,gold_spot_LTC,gold_futures_LTC,0.10381051339390783,10.381051339390783
,same_scale_LTC,same_scale_cross_metal,3100,2012-01-04,2026-03-31,gold_spot_LTC,silver_futures_LTC,0.11987731828867929,11.987731828867929
,same_scale_LTC,same_scale_cross_metal,3100,2012-01-04,2026-03-31,gold_spot_LTC,platinum_futures_LTC,0.1194141641648564,11.94141641648564
,same_scale_LTC,same_scale_cross_metal,3100,2012-01-04,2026-03-31,gold_spot_LTC,palladium_futures_LTC,0.10353570081916001,10.353570081916
,same_scale_LTC,same_scale_cross_metal,3100,2012-01-04,2026-03-31,gold_spot_LTC,gold_spot_LTC,0.0,0.0
,same_scale_LTC,same_scale_cross_metal,3100,2012-01-04,2026-03-31,gold_spot_LTC,silver_spot_LTC,0.11014382970348177,11.014382970348176
,same_scale_LTC,same_scale_cross_metal,3100,2012-01-04,2026-03-31,gold_spot_LTC,platinum_spot_LTC,0.11874151919585474,11.874151919585474
,same_scale_LTC,same_scale_cross_metal,3100,2012-01-04,2026-03-31,gold_spot_LTC,palladium_spot_LTC,0.09687059431504032,9.687059431504032
,same_scale_LTC,same_scale_cross_metal,3100,2012-01-04,2026-03-31,silver_spot_LTC,gold_futures_LTC,0.1052107573243532,10.52107573243532
,same_scale_LTC,same_scale_cross_metal,3100,2012-01-04,2026-03-31,silver_spot_LTC,silver_futures_LTC,0.06996232117937105,6.996232117937105
,same_scale_LTC,same_scale_cross_metal,3100,2012-01-04,2026-03-31,silver_spot_LTC,platinum_futures_LTC,0.08342569392922072,8.342569392922073
,same_scale_LTC,same_scale_cross_metal,3100,2012-01-04,2026-03-31,silver_spot_LTC,palladium_futures_LTC,0.10504871256538702,10.504871256538701
,same_scale_LTC,same_scale_cross_metal,3100,2012-01-04,2026-03-31,silver_spot_LTC,gold_spot_LTC,0.09414198636793686,9.414198636793685
,same_scale_LTC,same_scale_cross_metal,3100,2012-01-04,2026-03-31,silver_spot_LTC,silver_spot_LTC,0.0,0.0
,same_scale_LTC,same_scale_cross_metal,3100,2012-01-04,2026-03-31,silver_spot_LTC,platinum_spot_LTC,0.07731626760832806,7.731626760832806
,same_scale_LTC,same_scale_cross_metal,3100,2012-01-04,2026-03-31,silver_spot_LTC,palladium_spot_LTC,0.09706190610428078,9.706190610428077
,same_scale_LTC,same_scale_cross_metal,3100,2012-01-04,2026-03-31,platinum_spot_LTC,gold_futures_LTC,0.09529893033697362,9.529893033697363
,same_scale_LTC,same_scale_cross_metal,3100,2012-01-04,2026-03-31,platinum_spot_LTC,silver_futures_LTC,0.09824034278430102,9.824034278430101
,same_scale_LTC,same_scale_cross_metal,3100,2012-01-04,2026-03-31,platinum_spot_LTC,platinum_futures_LTC,0.16535027645943542,16.535027645943543
,same_scale_LTC,same_scale_cross_metal,3100,2012-01-04,2026-03-31,platinum_spot_LTC,palladium_futures_LTC,0.11756752908444423,11.756752908444422
,same_scale_LTC,same_scale_cross_metal,3100,2012-01-04,2026-03-31,platinum_spot_LTC,gold_spot_LTC,0.10617215786668674,10.617215786668673
,same_scale_LTC,same_scale_cross_metal,3100,2012-01-04,2026-03-31,platinum_spot_LTC,silver_spot_LTC,0.14780401779227564,14.780401779227564
,same_scale_LTC,same_scale_cross_metal,3100,2012-01-04,2026-03-31,platinum_spot_LTC,platinum_spot_LTC,0.0,0.0
,same_scale_LTC,same_scale_cross_metal,3100,2012-01-04,2026-03-31,platinum_spot_LTC,palladium_spot_LTC,0.09279281983185514,9.279281983185514
,same_scale_LTC,same_scale_cross_metal,3100,2012-01-04,2026-03-31,palladium_spot_LTC,gold_futures_LTC,0.08719536325682971,8.71953632568297
,same_scale_LTC,same_scale_cross_metal,3100,2012-01-04,2026-03-31,palladium_spot_LTC,silver_futures_LTC,0.08386746367951187,8.386746367951186
,same_scale_LTC,same_scale_cross_metal,3100,2012-01-04,2026-03-31,palladium_spot_LTC,platinum_futures_LTC,0.0516949946397687,5.169499463976869
,same_scale_LTC,same_scale_cross_metal,3100,2012-01-04,2026-03-31,palladium_spot_LTC,palladium_futures_LTC,0.20835021168915455,20.835021168915453
,same_scale_LTC,same_scale_cross_metal,3100,2012-01-04,2026-03-31,palladium_spot_LTC,gold_spot_LTC,0.09298107624251066,9.298107624251067
,same_scale_LTC,same_scale_cross_metal,3100,2012-01-04,2026-03-31,palladium_spot_LTC,silver_spot_LTC,0.08227261943034006,8.227261943034007
,same_scale_LTC,same_scale_cross_metal,3100,2012-01-04,2026-03-31,palladium_spot_LTC,platinum_spot_LTC,0.05008475602671097,5.008475602671097
,same_scale_LTC,same_scale_cross_metal,3100,2012-01-04,2026-03-31,palladium_spot_LTC,palladium_spot_LTC,0.0,0.0
,within_gold,within_metal_cross_scale,3100,2012-01-04,2026-03-31,gold_futures_STC,gold_futures_STC,0.0,0.0
,within_gold,within_metal_cross_scale,3100,2012-01-04,2026-03-31,gold_futures_STC,gold_spot_STC,0.47223195100465826,47.22319510046582
,within_gold,within_metal_cross_scale,3100,2012-01-04,2026-03-31,gold_futures_STC,gold_futures_MTC,0.04293324771691623,4.293324771691623
,within_gold,within_metal_cross_scale,3100,2012-01-04,2026-03-31,gold_futures_STC,gold_spot_MTC,0.09420393910592498,9.420393910592498
,within_gold,within_metal_cross_scale,3100,2012-01-04,2026-03-31,gold_futures_STC,gold_futures_LTC,0.030963925946589123,3.096392594658912
,within_gold,within_metal_cross_scale,3100,2012-01-04,2026-03-31,gold_futures_STC,gold_spot_LTC,0.029847500524925314,2.9847500524925312
,within_gold,within_metal_cross_scale,3100,2012-01-04,2026-03-31,gold_spot_STC,gold_futures_STC,0.5843145136091487,58.43145136091486
,within_gold,within_metal_cross_scale,3100,2012-01-04,2026-03-31,gold_spot_STC,gold_spot_STC,0.0,0.0
,within_gold,within_metal_cross_scale,3100,2012-01-04,2026-03-31,gold_spot_STC,gold_futures_MTC,0.03128525653754618,3.1285256537546178
,within_gold,within_metal_cross_scale,3100,2012-01-04,2026-03-31,gold_spot_STC,gold_spot_MTC,0.03560241207100583,3.5602412071005833
,within_gold,within_metal_cross_scale,3100,2012-01-04,2026-03-31,gold_spot_STC,gold_futures_LTC,0.02783297332062954,2.783297332062954
,within_gold,within_metal_cross_scale,3100,2012-01-04,2026-03-31,gold_spot_STC,gold_spot_LTC,0.024954721702716648,2.4954721702716647
,within_gold,within_metal_cross_scale,3100,2012-01-04,2026-03-31,gold_futures_MTC,gold_futures_STC,0.07957122435102845,7.957122435102845
,within_gold,within_metal_cross_scale,3100,2012-01-04,2026-03-31,gold_futures_MTC,gold_spot_STC,0.07990072787692215,7.990072787692215
,within_gold,within_metal_cross_scale,3100,2012-01-04,2026-03-31,gold_futures_MTC,gold_futures_MTC,0.0,0.0
,within_gold,within_metal_cross_scale,3100,2012-01-04,2026-03-31,gold_futures_MTC,gold_spot_MTC,0.4140934735222194,41.40934735222194
,within_gold,within_metal_cross_scale,3100,2012-01-04,2026-03-31,gold_futures_MTC,gold_futures_LTC,0.01625581690652376,1.6255816906523761
,within_gold,within_metal_cross_scale,3100,2012-01-04,2026-03-31,gold_futures_MTC,gold_spot_LTC,0.03555128816220125,3.555128816220125
,within_gold,within_metal_cross_scale,3100,2012-01-04,2026-03-31,gold_spot_MTC,gold_futures_STC,0.09057180102278,9.057180102278
,within_gold,within_metal_cross_scale,3100,2012-01-04,2026-03-31,gold_spot_MTC,gold_spot_STC,0.06352435097820956,6.3524350978209565
,within_gold,within_metal_cross_scale,3100,2012-01-04,2026-03-31,gold_spot_MTC,gold_futures_MTC,0.38493325400302647,38.493325400302645
,within_gold,within_metal_cross_scale,3100,2012-01-04,2026-03-31,gold_spot_MTC,gold_spot_MTC,0.0,0.0
,within_gold,within_metal_cross_scale,3100,2012-01-04,2026-03-31,gold_spot_MTC,gold_futures_LTC,0.016098969987318194,1.6098969987318195
,within_gold,within_metal_cross_scale,3100,2012-01-04,2026-03-31,gold_spot_MTC,gold_spot_LTC,0.015621207237790652,1.562120723779065
,within_gold,within_metal_cross_scale,3100,2012-01-04,2026-03-31,gold_futures_LTC,gold_futures_STC,0.012924769850130267,1.2924769850130267
,within_gold,within_metal_cross_scale,3100,2012-01-04,2026-03-31,gold_futures_LTC,gold_spot_STC,0.013417585209437848,1.3417585209437848
,within_gold,within_metal_cross_scale,3100,2012-01-04,2026-03-31,gold_futures_LTC,gold_futures_MTC,0.012567245189005692,1.2567245189005694
,within_gold,within_metal_cross_scale,3100,2012-01-04,2026-03-31,gold_futures_LTC,gold_spot_MTC,0.012335963554289484,1.2335963554289484
,within_gold,within_metal_cross_scale,3100,2012-01-04,2026-03-31,gold_futures_LTC,gold_futures_LTC,0.0,0.0
,within_gold,within_metal_cross_scale,3100,2012-01-04,2026-03-31,gold_futures_LTC,gold_spot_LTC,0.40546187484913887,40.54618748491389
,within_gold,within_metal_cross_scale,3100,2012-01-04,2026-03-31,gold_spot_LTC,gold_futures_STC,0.011564055169416368,1.1564055169416367
,within_gold,within_metal_cross_scale,3100,2012-01-04,2026-03-31,gold_spot_LTC,gold_spot_STC,0.009905723332869832,0.9905723332869832
,within_gold,within_metal_cross_scale,3100,2012-01-04,2026-03-31,gold_spot_LTC,gold_futures_MTC,0.0260913982235232,2.6091398223523203
,within_gold,within_metal_cross_scale,3100,2012-01-04,2026-03-31,gold_spot_LTC,gold_spot_MTC,0.011556696368706251,1.1556696368706252
,within_gold,within_metal_cross_scale,3100,2012-01-04,2026-03-31,gold_spot_LTC,gold_futures_LTC,0.36848473324234055,36.84847332423406
,within_gold,within_metal_cross_scale,3100,2012-01-04,2026-03-31,gold_spot_LTC,gold_spot_LTC,0.0,0.0
,within_silver,within_metal_cross_scale,3100,2012-01-04,2026-03-31,silver_futures_STC,silver_futures_STC,0.0,0.0
,within_silver,within_metal_cross_scale,3100,2012-01-04,2026-03-31,silver_futures_STC,silver_spot_STC,0.4913135878403619,49.13135878403619
,within_silver,within_metal_cross_scale,3100,2012-01-04,2026-03-31,silver_futures_STC,silver_futures_MTC,0.052111287631400494,5.211128763140049
,within_silver,within_metal_cross_scale,3100,2012-01-04,2026-03-31,silver_futures_STC,silver_spot_MTC,0.08313213261405353,8.313213261405354
,within_silver,within_metal_cross_scale,3100,2012-01-04,2026-03-31,silver_futures_STC,silver_futures_LTC,0.10381783960850245,10.381783960850246
,within_silver,within_metal_cross_scale,3100,2012-01-04,2026-03-31,silver_futures_STC,silver_spot_LTC,0.01999663950034863,1.999663950034863
,within_silver,within_metal_cross_scale,3100,2012-01-04,2026-03-31,silver_spot_STC,silver_futures_STC,0.2259777116137768,22.59777116137768
,within_silver,within_metal_cross_scale,3100,2012-01-04,2026-03-31,silver_spot_STC,silver_spot_STC,0.0,0.0
,within_silver,within_metal_cross_scale,3100,2012-01-04,2026-03-31,silver_spot_STC,silver_futures_MTC,0.06446782064075626,6.446782064075626
,within_silver,within_metal_cross_scale,3100,2012-01-04,2026-03-31,silver_spot_STC,silver_spot_MTC,0.20490928440660253,20.49092844066025
,within_silver,within_metal_cross_scale,3100,2012-01-04,2026-03-31,silver_spot_STC,silver_futures_LTC,0.18166214869717007,18.166214869717006
,within_silver,within_metal_cross_scale,3100,2012-01-04,2026-03-31,silver_spot_STC,silver_spot_LTC,0.05416029253916384,5.416029253916384
,within_silver,within_metal_cross_scale,3100,2012-01-04,2026-03-31,silver_futures_MTC,silver_futures_STC,0.020100133248020933,2.0100133248020935
,within_silver,within_metal_cross_scale,3100,2012-01-04,2026-03-31,silver_futures_MTC,silver_spot_STC,0.02597768792301068,2.597768792301068
,within_silver,within_metal_cross_scale,3100,2012-01-04,2026-03-31,silver_futures_MTC,silver_futures_MTC,0.0,0.0
,within_silver,within_metal_cross_scale,3100,2012-01-04,2026-03-31,silver_futures_MTC,silver_spot_MTC,0.08468883253467563,8.468883253467563
,within_silver,within_metal_cross_scale,3100,2012-01-04,2026-03-31,silver_futures_MTC,silver_futures_LTC,0.15803133686212892,15.803133686212892
,within_silver,within_metal_cross_scale,3100,2012-01-04,2026-03-31,silver_futures_MTC,silver_spot_LTC,0.15857383572691539,15.857383572691539
,within_silver,within_metal_cross_scale,3100,2012-01-04,2026-03-31,silver_spot_MTC,silver_futures_STC,0.14161564571978044,14.161564571978044
,within_silver,within_metal_cross_scale,3100,2012-01-04,2026-03-31,silver_spot_MTC,silver_spot_STC,0.1416416622175489,14.16416622175489
,within_silver,within_metal_cross_scale,3100,2012-01-04,2026-03-31,silver_spot_MTC,silver_futures_MTC,0.03435803721177149,3.435803721177149
,within_silver,within_metal_cross_scale,3100,2012-01-04,2026-03-31,silver_spot_MTC,silver_spot_MTC,0.0,0.0
,within_silver,within_metal_cross_scale,3100,2012-01-04,2026-03-31,silver_spot_MTC,silver_futures_LTC,0.03316868424729816,3.3168684247298157
,within_silver,within_metal_cross_scale,3100,2012-01-04,2026-03-31,silver_spot_MTC,silver_spot_LTC,0.03586948346319735,3.586948346319735
,within_silver,within_metal_cross_scale,3100,2012-01-04,2026-03-31,silver_futures_LTC,silver_futures_STC,0.008297645492263762,0.8297645492263762
,within_silver,within_metal_cross_scale,3100,2012-01-04,2026-03-31,silver_futures_LTC,silver_spot_STC,0.012218250128430709,1.2218250128430708
,within_silver,within_metal_cross_scale,3100,2012-01-04,2026-03-31,silver_futures_LTC,silver_futures_MTC,0.07445710295904201,7.445710295904201
,within_silver,within_metal_cross_scale,3100,2012-01-04,2026-03-31,silver_futures_LTC,silver_spot_MTC,0.03294744762363568,3.2947447623635684
,within_silver,within_metal_cross_scale,3100,2012-01-04,2026-03-31,silver_futures_LTC,silver_futures_LTC,0.0,0.0
,within_silver,within_metal_cross_scale,3100,2012-01-04,2026-03-31,silver_futures_LTC,silver_spot_LTC,0.06747686313672555,6.7476863136725544
,within_silver,within_metal_cross_scale,3100,2012-01-04,2026-03-31,silver_spot_LTC,silver_futures_STC,0.011356290012307355,1.1356290012307355
,within_silver,within_metal_cross_scale,3100,2012-01-04,2026-03-31,silver_spot_LTC,silver_spot_STC,0.023892390659210345,2.3892390659210347
,within_silver,within_metal_cross_scale,3100,2012-01-04,2026-03-31,silver_spot_LTC,silver_futures_MTC,0.14187363723984991,14.18736372398499
,within_silver,within_metal_cross_scale,3100,2012-01-04,2026-03-31,silver_spot_LTC,silver_spot_MTC,0.12308822275468476,12.308822275468476
,within_silver,within_metal_cross_scale,3100,2012-01-04,2026-03-31,silver_spot_LTC,silver_futures_LTC,0.15310364227998557,15.310364227998557
,within_silver,within_metal_cross_scale,3100,2012-01-04,2026-03-31,silver_spot_LTC,silver_spot_LTC,0.0,0.0
,within_platinum,within_metal_cross_scale,3100,2012-01-04,2026-03-31,platinum_futures_STC,platinum_futures_STC,0.0,0.0
,within_platinum,within_metal_cross_scale,3100,2012-01-04,2026-03-31,platinum_futures_STC,platinum_spot_STC,0.8275074403215771,82.75074403215771
,within_platinum,within_metal_cross_scale,3100,2012-01-04,2026-03-31,platinum_futures_STC,platinum_futures_MTC,0.00597457780839103,0.5974577808391031
,within_platinum,within_metal_cross_scale,3100,2012-01-04,2026-03-31,platinum_futures_STC,platinum_spot_MTC,0.005871381194109944,0.5871381194109945
,within_platinum,within_metal_cross_scale,3100,2012-01-04,2026-03-31,platinum_futures_STC,platinum_futures_LTC,0.0022001701848346506,0.22001701848346505
,within_platinum,within_metal_cross_scale,3100,2012-01-04,2026-03-31,platinum_futures_STC,platinum_spot_LTC,0.0023849504946695313,0.23849504946695313
,within_platinum,within_metal_cross_scale,3100,2012-01-04,2026-03-31,platinum_spot_STC,platinum_futures_STC,0.8270379048365986,82.70379048365986
,within_platinum,within_metal_cross_scale,3100,2012-01-04,2026-03-31,platinum_spot_STC,platinum_spot_STC,0.0,0.0
,within_platinum,within_metal_cross_scale,3100,2012-01-04,2026-03-31,platinum_spot_STC,platinum_futures_MTC,0.006001617210549105,0.6001617210549105
,within_platinum,within_metal_cross_scale,3100,2012-01-04,2026-03-31,platinum_spot_STC,platinum_spot_MTC,0.007197894327420763,0.7197894327420763
,within_platinum,within_metal_cross_scale,3100,2012-01-04,2026-03-31,platinum_spot_STC,platinum_futures_LTC,0.0018847902406095701,0.188479024060957
,within_platinum,within_metal_cross_scale,3100,2012-01-04,2026-03-31,platinum_spot_STC,platinum_spot_LTC,0.001805231806410604,0.18052318064106038
,within_platinum,within_metal_cross_scale,3100,2012-01-04,2026-03-31,platinum_futures_MTC,platinum_futures_STC,0.005587664098903033,0.5587664098903034
,within_platinum,within_metal_cross_scale,3100,2012-01-04,2026-03-31,platinum_futures_MTC,platinum_spot_STC,0.005698614190662363,0.5698614190662363
,within_platinum,within_metal_cross_scale,3100,2012-01-04,2026-03-31,platinum_futures_MTC,platinum_futures_MTC,0.0,0.0
,within_platinum,within_metal_cross_scale,3100,2012-01-04,2026-03-31,platinum_futures_MTC,platinum_spot_MTC,0.8554908294550357,85.54908294550357
,within_platinum,within_metal_cross_scale,3100,2012-01-04,2026-03-31,platinum_futures_MTC,platinum_futures_LTC,0.007729941297877527,0.7729941297877527
,within_platinum,within_metal_cross_scale,3100,2012-01-04,2026-03-31,platinum_futures_MTC,platinum_spot_LTC,0.01590850844967787,1.590850844967787
,within_platinum,within_metal_cross_scale,3100,2012-01-04,2026-03-31,platinum_spot_MTC,platinum_futures_STC,0.005355123648424351,0.5355123648424351
,within_platinum,within_metal_cross_scale,3100,2012-01-04,2026-03-31,platinum_spot_MTC,platinum_spot_STC,0.0069100342579565665,0.6910034257956567
,within_platinum,within_metal_cross_scale,3100,2012-01-04,2026-03-31,platinum_spot_MTC,platinum_futures_MTC,0.8653803039698408,86.53803039698408
,within_platinum,within_metal_cross_scale,3100,2012-01-04,2026-03-31,platinum_spot_MTC,platinum_spot_MTC,0.0,0.0
,within_platinum,within_metal_cross_scale,3100,2012-01-04,2026-03-31,platinum_spot_MTC,platinum_futures_LTC,0.007519379597487449,0.7519379597487449
,within_platinum,within_metal_cross_scale,3100,2012-01-04,2026-03-31,platinum_spot_MTC,platinum_spot_LTC,0.00661513638427489,0.661513638427489
,within_platinum,within_metal_cross_scale,3100,2012-01-04,2026-03-31,platinum_futures_LTC,platinum_futures_STC,0.004916891507540712,0.4916891507540712
,within_platinum,within_metal_cross_scale,3100,2012-01-04,2026-03-31,platinum_futures_LTC,platinum_spot_STC,0.004698503178067722,0.46985031780677217
,within_platinum,within_metal_cross_scale,3100,2012-01-04,2026-03-31,platinum_futures_LTC,platinum_futures_MTC,0.009217735393701477,0.9217735393701477
,within_platinum,within_metal_cross_scale,3100,2012-01-04,2026-03-31,platinum_futures_LTC,platinum_spot_MTC,0.009720584029637663,0.9720584029637663
,within_platinum,within_metal_cross_scale,3100,2012-01-04,2026-03-31,platinum_futures_LTC,platinum_futures_LTC,0.0,0.0
,within_platinum,within_metal_cross_scale,3100,2012-01-04,2026-03-31,platinum_futures_LTC,platinum_spot_LTC,0.784252954591704,78.4252954591704
,within_platinum,within_metal_cross_scale,3100,2012-01-04,2026-03-31,platinum_spot_LTC,platinum_futures_STC,0.004018113376729268,0.40181133767292676
,within_platinum,within_metal_cross_scale,3100,2012-01-04,2026-03-31,platinum_spot_LTC,platinum_spot_STC,0.003556218084991755,0.35562180849917546
,within_platinum,within_metal_cross_scale,3100,2012-01-04,2026-03-31,platinum_spot_LTC,platinum_futures_MTC,0.01401318337505783,1.4013183375057832
,within_platinum,within_metal_cross_scale,3100,2012-01-04,2026-03-31,platinum_spot_LTC,platinum_spot_MTC,0.007160951795972042,0.7160951795972043
,within_platinum,within_metal_cross_scale,3100,2012-01-04,2026-03-31,platinum_spot_LTC,platinum_futures_LTC,0.7695607721698646,76.95607721698646
,within_platinum,within_metal_cross_scale,3100,2012-01-04,2026-03-31,platinum_spot_LTC,platinum_spot_LTC,0.0,0.0
,within_palladium,within_metal_cross_scale,3100,2012-01-04,2026-03-31,palladium_futures_STC,palladium_futures_STC,0.0,0.0
,within_palladium,within_metal_cross_scale,3100,2012-01-04,2026-03-31,palladium_futures_STC,palladium_spot_STC,0.8563021231027896,85.63021231027896
,within_palladium,within_metal_cross_scale,3100,2012-01-04,2026-03-31,palladium_futures_STC,palladium_futures_MTC,0.011206708751660226,1.1206708751660226
,within_palladium,within_metal_cross_scale,3100,2012-01-04,2026-03-31,palladium_futures_STC,palladium_spot_MTC,0.00988147026567119,0.988147026567119
,within_palladium,within_metal_cross_scale,3100,2012-01-04,2026-03-31,palladium_futures_STC,palladium_futures_LTC,0.0016828881338630162,0.1682888133863016
,within_palladium,within_metal_cross_scale,3100,2012-01-04,2026-03-31,palladium_futures_STC,palladium_spot_LTC,0.0021225876864223994,0.21225876864223994
,within_palladium,within_metal_cross_scale,3100,2012-01-04,2026-03-31,palladium_spot_STC,palladium_futures_STC,0.8547938227961926,85.47938227961926
,within_palladium,within_metal_cross_scale,3100,2012-01-04,2026-03-31,palladium_spot_STC,palladium_spot_STC,0.0,0.0
,within_palladium,within_metal_cross_scale,3100,2012-01-04,2026-03-31,palladium_spot_STC,palladium_futures_MTC,0.011952350351260342,1.1952350351260344
,within_palladium,within_metal_cross_scale,3100,2012-01-04,2026-03-31,palladium_spot_STC,palladium_spot_MTC,0.00953741034451612,0.953741034451612
,within_palladium,within_metal_cross_scale,3100,2012-01-04,2026-03-31,palladium_spot_STC,palladium_futures_LTC,0.00170643748680328,0.170643748680328
,within_palladium,within_metal_cross_scale,3100,2012-01-04,2026-03-31,palladium_spot_STC,palladium_spot_LTC,0.0019576405762129693,0.19576405762129692
,within_palladium,within_metal_cross_scale,3100,2012-01-04,2026-03-31,palladium_futures_MTC,palladium_futures_STC,0.01409817265342367,1.409817265342367
,within_palladium,within_metal_cross_scale,3100,2012-01-04,2026-03-31,palladium_futures_MTC,palladium_spot_STC,0.014551121928474627,1.4551121928474626
,within_palladium,within_metal_cross_scale,3100,2012-01-04,2026-03-31,palladium_futures_MTC,palladium_futures_MTC,0.0,0.0
,within_palladium,within_metal_cross_scale,3100,2012-01-04,2026-03-31,palladium_futures_MTC,palladium_spot_MTC,0.7972819534920487,79.72819534920487
,within_palladium,within_metal_cross_scale,3100,2012-01-04,2026-03-31,palladium_futures_MTC,palladium_futures_LTC,0.010983823364027017,1.0983823364027017
,within_palladium,within_metal_cross_scale,3100,2012-01-04,2026-03-31,palladium_futures_MTC,palladium_spot_LTC,0.01083741730037025,1.083741730037025
,within_palladium,within_metal_cross_scale,3100,2012-01-04,2026-03-31,palladium_spot_MTC,palladium_futures_STC,0.01387300557192311,1.387300557192311
,within_palladium,within_metal_cross_scale,3100,2012-01-04,2026-03-31,palladium_spot_MTC,palladium_spot_STC,0.013372196315023743,1.3372196315023743
,within_palladium,within_metal_cross_scale,3100,2012-01-04,2026-03-31,palladium_spot_MTC,palladium_futures_MTC,0.7857072770123219,78.57072770123219
,within_palladium,within_metal_cross_scale,3100,2012-01-04,2026-03-31,palladium_spot_MTC,palladium_spot_MTC,0.0,0.0
,within_palladium,within_metal_cross_scale,3100,2012-01-04,2026-03-31,palladium_spot_MTC,palladium_futures_LTC,0.022608692555352444,2.2608692555352445
,within_palladium,within_metal_cross_scale,3100,2012-01-04,2026-03-31,palladium_spot_MTC,palladium_spot_LTC,0.016075227844398562,1.6075227844398563
,within_palladium,within_metal_cross_scale,3100,2012-01-04,2026-03-31,palladium_futures_LTC,palladium_futures_STC,0.010896884934849763,1.0896884934849762
,within_palladium,within_metal_cross_scale,3100,2012-01-04,2026-03-31,palladium_futures_LTC,palladium_spot_STC,0.010918750956602124,1.0918750956602123
,within_palladium,within_metal_cross_scale,3100,2012-01-04,2026-03-31,palladium_futures_LTC,palladium_futures_MTC,0.011358639525547418,1.1358639525547418
,within_palladium,within_metal_cross_scale,3100,2012-01-04,2026-03-31,palladium_futures_LTC,palladium_spot_MTC,0.01443241498045042,1.443241498045042
,within_palladium,within_metal_cross_scale,3100,2012-01-04,2026-03-31,palladium_futures_LTC,palladium_futures_LTC,0.0,0.0
,within_palladium,within_metal_cross_scale,3100,2012-01-04,2026-03-31,palladium_futures_LTC,palladium_spot_LTC,0.5346952044951728,53.46952044951728
,within_palladium,within_metal_cross_scale,3100,2012-01-04,2026-03-31,palladium_spot_LTC,palladium_futures_STC,0.015252456644001135,1.5252456644001136
,within_palladium,within_metal_cross_scale,3100,2012-01-04,2026-03-31,palladium_spot_LTC,palladium_spot_STC,0.015207644419510072,1.5207644419510071
,within_palladium,within_metal_cross_scale,3100,2012-01-04,2026-03-31,palladium_spot_LTC,palladium_futures_MTC,0.015515631246964492,1.5515631246964492
,within_palladium,within_metal_cross_scale,3100,2012-01-04,2026-03-31,palladium_spot_LTC,palladium_spot_MTC,0.015676671025662184,1.5676671025662183
,within_palladium,within_metal_cross_scale,3100,2012-01-04,2026-03-31,palladium_spot_LTC,palladium_futures_LTC,0.5435485584974619,54.35485584974619
,within_palladium,within_metal_cross_scale,3100,2012-01-04,2026-03-31,palladium_spot_LTC,palladium_spot_LTC,0.0,0.0
